url,pillar,status,indexability,indexReason,depth,title,metaDesc,h1,h1Count,h2Count,b_wordCount,wordCount,b_imgCount,imgCount,imgMissingAlt,internalLinks,externalLinks,insecureLinks,canonical,hreflangCount,schemaTypes,datePublished,dateModified,metaRobots,xRobots,b_hasFAQ,b_mermaids,b_hasCRO,b_qs,redirectTo,redirectHops,contentType,ms,size,contentHash
https://pulserevops.com/,(root),200,Indexable,,0,Pulse RevOps — Value Added,"Pulse — we add value. One free library of 24,000+ operator-grade answers, rankings, and guides across revenue, business, buying guides, places, and lifestyle.",What do you want to figure out?,1,2,,292,,4,1,38,7,0,https://pulserevops.com/,0,Organization|ImageObject|WebSite|SearchAction|EntryPoint,,,,,,,,,,0,text/html; charset=utf-8,26,27223,b3ef2009f829
https://pulserevops.com/knowledge/q1826,knowledge,200,Indexable,,1,Is Salesloft pricing model broken at the bottom?,Yes — Salesloft pricing model IS broken at the bottom. Cadence base price ($100-130/user/mo) is 2-3x Apollo ($50/user/mo with bundled prospect data) and…,Is Salesloft pricing model broken at the bottom?,1,18,2074,4917,4,2,0,41,19,0,https://pulserevops.com/knowledge/q1826,0,Person|Organization|Service|ProfessionalService|QAPage|Question|Answer|TechArticle|ImageObject|WebPage|BreadcrumbList|ListItem,2026-06-21T03:17:41.640Z,2026-05-05T12:25:41.378Z,"index, follow, max-snippet:-1, max-image-preview:large",,true,2,false,10,,0,text/html; charset=utf-8,2275,141109,d936f8282cb0
https://pulserevops.com/knowledge/q1828,knowledge,200,Indexable,,1,How should Salesloft rethink its sequencing thesis for AI buyers?,"Salesloft must REFRAME Cadence from ""sequence builder"" to ""AI workflow orchestration layer"" — the sequencing thesis is being commoditized by Lavender + AI…",How should Salesloft rethink its sequencing thesis for AI buyers?,1,21,2249,5279,4,2,0,41,19,0,https://pulserevops.com/knowledge/q1828,0,Person|Organization|Service|ProfessionalService|QAPage|Question|Answer|TechArticle|ImageObject|WebPage|BreadcrumbList|ListItem,2026-06-21T03:17:46.516Z,2026-05-05T12:25:42.033Z,"index, follow, max-snippet:-1, max-image-preview:large",,true,2,false,10,,0,text/html; charset=utf-8,2674,145665,6376542986ec
https://pulserevops.com/knowledge/q1829,knowledge,200,Indexable,,1,What replaces Salesloft Cadence if AI agents handle outbound?,"If AI agents fully handle outbound by 2028, Salesloft Cadence is REPLACED by an ""Agent Supervision Layer"" — a workflow orchestrator where AEs define outcomes…",What replaces Salesloft Cadence if AI agents handle outbound?,1,19,2117,5002,4,2,0,40,19,0,https://pulserevops.com/knowledge/q1829,0,Person|Organization|Service|ProfessionalService|QAPage|Question|Answer|TechArticle|ImageObject|WebPage|BreadcrumbList|ListItem,2026-06-21T03:17:47.871Z,2026-05-05T14:14:44.407Z,"index, follow, max-snippet:-1, max-image-preview:large",,true,2,false,10,,0,text/html; charset=utf-8,2766,143880,efae085d7faf
https://pulserevops.com/knowledge/q1827,knowledge,200,Indexable,,1,What is Salesloft enterprise win-rate vs Outreach in 2026?,Salesloft enterprise win-rate vs Outreach in 2026 lands at 30-40% — DOWN from 35-45% pre-Vista due to: (1) Outreach Strategic Account program ramp (570+…,What is Salesloft enterprise win-rate vs Outreach in 2026?,1,21,2406,5301,4,2,0,41,19,0,https://pulserevops.com/knowledge/q1827,0,Person|Organization|Service|ProfessionalService|QAPage|Question|Answer|TechArticle|ImageObject|WebPage|BreadcrumbList|ListItem,2026-06-21T03:17:44.229Z,2026-05-05T12:25:41.711Z,"index, follow, max-snippet:-1, max-image-preview:large",,true,2,false,10,,0,text/html; charset=utf-8,2716,148245,601a6b6c4eb1
https://pulserevops.com/knowledge/q1823,knowledge,200,Indexable,,1,What is Salesloft RevOps career path?,"Salesloft RevOps career path runs Analyst → Manager → Senior Manager → Director → VP → CRO-track, with the Vista-era twist that ALL levels report deeply on…",What is Salesloft RevOps career path?,1,18,2325,5382,4,2,0,40,19,0,https://pulserevops.com/knowledge/q1823,0,Person|Organization|Service|ProfessionalService|QAPage|Question|Answer|TechArticle|ImageObject|WebPage|BreadcrumbList|ListItem,2026-06-21T03:17:34.885Z,2026-05-05T11:52:51.079Z,"index, follow, max-snippet:-1, max-image-preview:large",,true,2,false,10,,0,text/html; charset=utf-8,318,149714,dbe7c2661efb
https://pulserevops.com/knowledge/q1825,knowledge,200,Indexable,,1,How does Salesloft pay its sales team post-Vista?,"Post-Vista, Salesloft sales comp follows a CASH-DEFENDED, EQUITY-CAPPED, ACCELERATOR-DISCIPLINED design: Base salary + variable holds at 50/50 pay mix…",How does Salesloft pay its sales team post-Vista?,1,21,2404,5391,4,2,0,43,19,0,https://pulserevops.com/knowledge/q1825,0,Person|Organization|Service|ProfessionalService|QAPage|Question|Answer|TechArticle|ImageObject|WebPage|BreadcrumbList|ListItem,2026-06-21T03:17:39.381Z,2026-05-05T12:25:41.084Z,"index, follow, max-snippet:-1, max-image-preview:large",,true,2,false,10,,0,text/html; charset=utf-8,2935,145904,0c5b74fc51ad
https://pulserevops.com/knowledge/q1824,knowledge,200,Indexable,,1,Will Salesloft AEs hit quota in 2027?,"In 2027, ~58-65% of Salesloft AEs will hit quota — DOWN from pre-Vista 65-72%, but DEFENDED above the SaaS-AE category floor (~50-55%). Vista's discipline…",Will Salesloft AEs hit quota in 2027?,1,18,2258,5088,4,2,0,41,19,0,https://pulserevops.com/knowledge/q1824,0,Person|Organization|Service|ProfessionalService|QAPage|Question|Answer|TechArticle|ImageObject|WebPage|BreadcrumbList|ListItem,2026-06-21T03:17:37.239Z,2026-05-05T12:25:40.488Z,"index, follow, max-snippet:-1, max-image-preview:large",,true,2,false,10,,0,text/html; charset=utf-8,3096,144179,a1911186fbf1
https://pulserevops.com/knowledge/q1821,knowledge,200,Indexable,,1,Should I learn Salesloft or Outreach in 2027?,"Learn BOTH if your career allows — but if forced to pick: learn OUTREACH first (broader employer base, deeper category leadership) UNLESS you're committed to…",Should I learn Salesloft or Outreach in 2027?,1,21,2296,5437,4,2,0,42,19,0,https://pulserevops.com/knowledge/q1821,0,Person|Organization|Service|ProfessionalService|QAPage|Question|Answer|TechArticle|ImageObject|WebPage|BreadcrumbList|ListItem,2026-06-21T03:17:30.059Z,2026-05-05T11:52:50.436Z,"index, follow, max-snippet:-1, max-image-preview:large",,true,2,false,10,,0,text/html; charset=utf-8,266,145775,fd7d52002245
https://pulserevops.com/knowledge/q1819,knowledge,200,Indexable,,1,Should I work for Salesloft post-Vista in 2027?,"Maybe — Salesloft post-Vista in 2027 is a HIGHER-RISK, HIGHER-CASH-COMP role than pre-Vista, with EQUITY UPSIDE compressed but cash compensation intact. Take…",Should I work for Salesloft post-Vista in 2027?,1,17,2220,5215,4,2,0,43,19,0,https://pulserevops.com/knowledge/q1819,0,Person|Organization|Service|ProfessionalService|QAPage|Question|Answer|TechArticle|ImageObject|WebPage|BreadcrumbList|ListItem,2026-06-21T03:17:25.365Z,2026-05-05T11:52:49.290Z,"index, follow, max-snippet:-1, max-image-preview:large",,true,2,false,10,,0,text/html; charset=utf-8,239,144940,aeb4ff90044c
https://pulserevops.com/knowledge/q1822,knowledge,200,Indexable,,1,Is Salesloft certification worth it in 2027?,"For most operators: NO — Salesloft Academy certification is mid-value (resume signal, not skill differentiator) UNLESS you're early-career, targeting…",Is Salesloft certification worth it in 2027?,1,20,2233,5265,4,2,0,41,19,0,https://pulserevops.com/knowledge/q1822,0,Person|Organization|Service|ProfessionalService|QAPage|Question|Answer|TechArticle|ImageObject|WebPage|BreadcrumbList|ListItem,2026-06-21T03:17:32.617Z,2026-05-05T11:52:50.779Z,"index, follow, max-snippet:-1, max-image-preview:large",,true,2,false,10,,0,text/html; charset=utf-8,553,144225,c0f030b2537c
https://pulserevops.com/knowledge/q1820,knowledge,200,Indexable,,1,Is a Salesloft AE role still good for my career in 2027?,"Yes — a Salesloft AE role in 2027 is still GOOD for career, with the caveat that it's now a ""good operator credential"" job vs the pre-Vista ""category leader""…",Is a Salesloft AE role still good for my career in 2027?,1,18,2052,4887,4,2,0,41,19,0,https://pulserevops.com/knowledge/q1820,0,Person|Organization|Service|ProfessionalService|QAPage|Question|Answer|TechArticle|ImageObject|WebPage|BreadcrumbList|ListItem,2026-06-21T03:17:27.749Z,2026-05-05T11:52:50.067Z,"index, follow, max-snippet:-1, max-image-preview:large",,true,2,false,10,,0,text/html; charset=utf-8,423,141914,39f0408db833
https://pulserevops.com/knowledge/q1818,knowledge,200,Indexable,,1,What does Salesloft 2024 Vista RIF tell us about 2027?,"The Q4 2024 Vista RIF (~25% headcount cut, ~30% S&M reduction, ~5% R&D cut) tells us four things about FY27: (1) Salesloft is on a Vista cost-out + FCF +…",What does Salesloft 2024 Vista RIF tell us about 2027?,1,20,733,5450,4,2,0,43,19,0,https://pulserevops.com/knowledge/q1818,0,Person|Organization|Service|ProfessionalService|QAPage|Question|Answer|TechArticle|ImageObject|WebPage|BreadcrumbList|ListItem,2026-06-21T03:17:23.044Z,2026-05-05T10:00:57.655Z,"index, follow, max-snippet:-1, max-image-preview:large",,true,2,false,10,,0,text/html; charset=utf-8,324,145082,56f9878466ed
https://pulserevops.com/knowledge/q1817,knowledge,200,Indexable,,1,Why is Salesloft losing AE talent to AI-native competitors?,"Salesloft is losing AE talent to AI-native competitors (Apollo, Lavender, Outplay, Hyperbound) for four named reasons: (1) Vista cost-out compresses comp +…",Why is Salesloft losing AE talent to AI-native competitors?,1,19,2245,5233,4,2,0,42,19,0,https://pulserevops.com/knowledge/q1817,0,Person|Organization|Service|ProfessionalService|QAPage|Question|Answer|TechArticle|ImageObject|WebPage|BreadcrumbList|ListItem,2026-06-21T03:17:20.646Z,2026-05-05T10:00:57.337Z,"index, follow, max-snippet:-1, max-image-preview:large",,true,2,false,10,,0,text/html; charset=utf-8,300,145266,207217625a9b
https://pulserevops.com/knowledge/q1816,knowledge,200,Indexable,,1,How does Salesloft defend its integration ecosystem?,Salesloft defends its integration ecosystem with four named moves: (1) deepen HubSpot CRM preferred-partner integration (the structural advantage Outreach…,How does Salesloft defend its integration ecosystem?,1,19,2130,5228,4,2,0,43,19,0,https://pulserevops.com/knowledge/q1816,0,Person|Organization|Service|ProfessionalService|QAPage|Question|Answer|TechArticle|ImageObject|WebPage|BreadcrumbList|ListItem,2026-06-21T03:17:18.294Z,2026-05-05T10:00:56.997Z,"index, follow, max-snippet:-1, max-image-preview:large",,true,2,false,10,,0,text/html; charset=utf-8,306,147394,5fcd7727f5ef
https://pulserevops.com/knowledge/q1815,knowledge,200,Indexable,,1,What is Salesloft data-center strategy through 2027?,"Salesloft's data-center strategy through 2027 is AWS-only with 3 regions (US-East, EU-Central, AP-Southeast) — narrower than Outreach's 6-region footprint…",What is Salesloft data-center strategy through 2027?,1,19,2154,4958,4,2,0,42,19,0,https://pulserevops.com/knowledge/q1815,0,Person|Organization|Service|ProfessionalService|QAPage|Question|Answer|TechArticle|ImageObject|WebPage|BreadcrumbList|ListItem,2026-06-21T03:17:15.820Z,2026-05-05T10:00:56.711Z,"index, follow, max-snippet:-1, max-image-preview:large",,true,2,false,10,,0,text/html; charset=utf-8,299,145065,741869a68615
https://pulserevops.com/knowledge/q1814,knowledge,200,Indexable,,1,Should Salesloft kill its mobile app?,"Yes — Salesloft should ship lite mobile (10-12 essential workflows) under Vista discipline, NOT full-featured. Vista's R&D budget constraints make full…",Should Salesloft kill its mobile app?,1,22,2342,5365,4,2,0,42,19,0,https://pulserevops.com/knowledge/q1814,0,Person|Organization|Service|ProfessionalService|QAPage|Question|Answer|TechArticle|ImageObject|WebPage|BreadcrumbList|ListItem,2026-06-21T03:17:13.565Z,2026-05-05T10:00:56.049Z,"index, follow, max-snippet:-1, max-image-preview:large",,true,2,false,10,,0,text/html; charset=utf-8,250,146023,2356da129b2c
https://pulserevops.com/knowledge/q1812,knowledge,200,Indexable,,1,Should Salesloft launch a vertical-revenue sub-brand?,No — Salesloft should NOT launch a vertical sub-brand under Vista. The four named reasons NOT to: (1) Vista R&D budget too constrained ($60-90M annual vs…,Should Salesloft launch a vertical-revenue sub-brand?,1,21,2222,5149,4,2,0,42,19,0,https://pulserevops.com/knowledge/q1812,0,Person|Organization|Service|ProfessionalService|QAPage|Question|Answer|TechArticle|ImageObject|WebPage|BreadcrumbList|ListItem,2026-06-21T03:17:07.377Z,2026-05-05T09:35:58.139Z,"index, follow, max-snippet:-1, max-image-preview:large",,true,2,false,10,,0,text/html; charset=utf-8,278,146382,077a0bc5cd67
https://pulserevops.com/knowledge/q1813,knowledge,200,Indexable,,1,How does Salesloft ARPU change post-Vista discount strategy?,Salesloft ARPU (Average Revenue Per User per month) trajectory through FY27: $130-160 (Cadence Pro tier baseline FY25) → $115-145 (post-Vista discount cohort…,How does Salesloft ARPU change post-Vista discount strategy?,1,18,391,4722,4,2,0,43,19,0,https://pulserevops.com/knowledge/q1813,0,Person|Organization|Service|ProfessionalService|QAPage|Question|Answer|TechArticle|ImageObject|WebPage|BreadcrumbList|ListItem,2026-06-21T03:17:09.945Z,2026-05-05T09:35:58.439Z,"index, follow, max-snippet:-1, max-image-preview:large",,true,2,false,10,,0,text/html; charset=utf-8,310,142689,ce48cb665e3b
https://pulserevops.com/knowledge/q1811,knowledge,200,Indexable,,1,How does Salesloft price Cadence + Drift bundle in 2026?,"Salesloft's optimal Cadence + Drift bundle pricing in 2026 has a three-tier structure: (1) Cadence-only $100-130/user/mo (mid-market base), (2) Cadence +…",How does Salesloft price Cadence + Drift bundle in 2026?,1,19,637,5100,4,2,0,42,19,0,https://pulserevops.com/knowledge/q1811,0,Person|Organization|Service|ProfessionalService|QAPage|Question|Answer|TechArticle|ImageObject|WebPage|BreadcrumbList|ListItem,2026-06-21T03:17:03.933Z,2026-05-05T09:35:57.825Z,"index, follow, max-snippet:-1, max-image-preview:large",,true,2,false,10,,0,text/html; charset=utf-8,281,144524,5abdb6b7e340
https://pulserevops.com/knowledge/q1810,knowledge,200,Indexable,,1,Why did Vista acquire Salesloft for $2.3B?,Vista acquired Salesloft for $2.3B in August 2024 for four named reasons: (1) cash-flow-extraction thesis on a mid-market SaaS at peak burn (negative -10-15%…,Why did Vista acquire Salesloft for $2.3B?,1,22,2194,5210,4,2,0,43,19,0,https://pulserevops.com/knowledge/q1810,0,Person|Organization|Service|ProfessionalService|QAPage|Question|Answer|TechArticle|ImageObject|WebPage|BreadcrumbList|ListItem,2026-06-21T03:17:00.603Z,2026-05-05T09:35:57.368Z,"index, follow, max-snippet:-1, max-image-preview:large",,true,2,false,10,,0,text/html; charset=utf-8,252,145229,dace26236c4e
https://pulserevops.com/knowledge/q1809,knowledge,200,Indexable,,1,What is Salesloft competitive moat against Outreach + Apollo?,"Salesloft's competitive moat against Outreach + Apollo stacks on five layers: (1) HubSpot CRM preferred-partner status (Outreach + Apollo can't match), (2)…",What is Salesloft competitive moat against Outreach + Apollo?,1,22,589,5462,4,2,0,44,19,0,https://pulserevops.com/knowledge/q1809,0,Person|Organization|Service|ProfessionalService|QAPage|Question|Answer|TechArticle|ImageObject|WebPage|BreadcrumbList|ListItem,2026-06-21T03:16:58.283Z,2026-05-05T09:35:56.748Z,"index, follow, max-snippet:-1, max-image-preview:large",,true,2,false,10,,0,text/html; charset=utf-8,360,148795,cc29150429ce
https://pulserevops.com/knowledge/q1808,knowledge,200,Indexable,,1,Should Salesloft acquire a video tool in 2027?,"No — Salesloft should NOT acquire a video tool in 2027. Vista's discipline limits M&A budget to ~$50-150M (vs Outreach's $230-450M per q1775), and a…",Should Salesloft acquire a video tool in 2027?,1,22,2312,5388,4,2,0,42,19,0,https://pulserevops.com/knowledge/q1808,0,Person|Organization|Service|ProfessionalService|QAPage|Question|Answer|TechArticle|ImageObject|WebPage|BreadcrumbList|ListItem,2026-06-21T03:16:55.847Z,2026-05-05T09:26:29.339Z,"index, follow, max-snippet:-1, max-image-preview:large",,true,2,false,10,,0,text/html; charset=utf-8,328,145700,998b45a4a158
https://pulserevops.com/knowledge/q1807,knowledge,200,Indexable,,1,What is Salesloft gross margin trajectory through 2028?,Salesloft gross margin trajectory through 2028: 73-78% in FY26 → 75-80% in FY27 → 76-81% in FY28 — Vista's cost-out playbook drives margin expansion through…,What is Salesloft gross margin trajectory through 2028?,1,22,2404,5446,4,2,0,42,19,0,https://pulserevops.com/knowledge/q1807,0,Person|Organization|Service|ProfessionalService|QAPage|Question|Answer|TechArticle|ImageObject|WebPage|BreadcrumbList|ListItem,2026-06-21T03:16:06.267Z,2026-05-05T09:26:29.060Z,"index, follow, max-snippet:-1, max-image-preview:large",,true,2,false,10,,0,text/html; charset=utf-8,258,147475,48ac6f8da2b1
https://pulserevops.com/knowledge/q1806,knowledge,200,Indexable,,1,How does Salesloft grow internationally without Vista…,Salesloft grows internationally under Vista discipline by leveraging HubSpot's global ecosystem + partner-led EMEA/APAC expansion + minimal direct sales…,How does Salesloft grow internationally without Vista cost-cutting?,1,18,2107,4898,4,2,0,41,19,0,https://pulserevops.com/knowledge/q1806,0,Person|Organization|Service|ProfessionalService|QAPage|Question|Answer|TechArticle|ImageObject|WebPage|BreadcrumbList|ListItem,2026-06-21T03:16:05.000Z,2026-05-05T09:26:28.771Z,"index, follow, max-snippet:-1, max-image-preview:large",,true,2,false,10,,0,text/html; charset=utf-8,273,145056,8c6aaed605df
https://pulserevops.com/knowledge/q1804,knowledge,200,Indexable,,1,Will Salesloft conversation marketing beat Drift standalone…,"Salesloft conversation marketing (Drift) WILL beat standalone Drift competitors (Qualified, Intercom) for HubSpot ecosystem buyers + Cadence-attached…",Will Salesloft conversation marketing beat Drift standalone competitors?,1,19,2254,5387,4,2,0,43,19,0,https://pulserevops.com/knowledge/q1804,0,Person|Organization|Service|ProfessionalService|QAPage|Question|Answer|TechArticle|ImageObject|WebPage|BreadcrumbList|ListItem,2026-06-21T03:16:51.737Z,2026-05-05T09:26:27.855Z,"index, follow, max-snippet:-1, max-image-preview:large",,true,2,false,10,,0,text/html; charset=utf-8,245,147940,cfdf4663e5dd
https://pulserevops.com/knowledge/q1805,knowledge,200,Indexable,,1,Is Salesloft Pipeline AI worth buying vs Clari?,"Salesloft Pipeline AI is worth buying IF you're already a Salesloft Cadence customer (bundle attach makes math clean) and your forecasting pain is ""we don't…",Is Salesloft Pipeline AI worth buying vs Clari?,1,19,2181,5198,4,2,0,42,19,0,https://pulserevops.com/knowledge/q1805,0,Person|Organization|Service|ProfessionalService|QAPage|Question|Answer|TechArticle|ImageObject|WebPage|BreadcrumbList|ListItem,2026-06-21T03:16:53.477Z,2026-05-05T09:26:28.452Z,"index, follow, max-snippet:-1, max-image-preview:large",,true,2,false,10,,0,text/html; charset=utf-8,273,144136,64ce3fe4681f
https://pulserevops.com/knowledge/q1803,knowledge,200,Indexable,,1,What should Salesloft do about the Drift acquisition value?,"Salesloft should fully integrate Drift into Cadence as the conversation marketing layer + bundle pricing + position as ""Salesloft + Drift =…",What should Salesloft do about the Drift acquisition value?,1,19,2237,5312,4,2,0,42,19,0,https://pulserevops.com/knowledge/q1803,0,Person|Organization|Service|ProfessionalService|QAPage|Question|Answer|TechArticle|ImageObject|WebPage|BreadcrumbList|ListItem,2026-06-21T03:16:03.640Z,2026-05-05T09:20:33.036Z,"index, follow, max-snippet:-1, max-image-preview:large",,true,2,false,10,,0,text/html; charset=utf-8,256,146895,e6363b148eff
https://pulserevops.com/knowledge/q1801,knowledge,200,Indexable,,1,What is Salesloft net revenue retention in 2026?,"Salesloft NRR (Net Revenue Retention) in 2026 is estimated at 100-110%, down from a 2021-22 peak of ~120%. Vista cost-out era pressure compresses gross…",What is Salesloft net revenue retention in 2026?,1,24,421,5252,4,2,0,42,19,0,https://pulserevops.com/knowledge/q1801,0,Person|Organization|Service|ProfessionalService|QAPage|Question|Answer|TechArticle|ImageObject|WebPage|BreadcrumbList|ListItem,2026-06-21T03:16:00.654Z,2026-05-05T09:20:32.491Z,"index, follow, max-snippet:-1, max-image-preview:large",,true,2,false,10,,0,text/html; charset=utf-8,243,144852,eb774871f23b
https://pulserevops.com/knowledge/q1802,knowledge,200,Indexable,,1,How does Salesloft win the HubSpot CRM customer base?,Salesloft wins the HubSpot CRM customer base through five named moves: (1) preferred-partner status formalization with HubSpot (deeper than any other…,How does Salesloft win the HubSpot CRM customer base?,1,18,2167,5191,4,2,0,41,19,0,https://pulserevops.com/knowledge/q1802,0,Person|Organization|Service|ProfessionalService|QAPage|Question|Answer|TechArticle|ImageObject|WebPage|BreadcrumbList|ListItem,2026-06-21T03:16:02.098Z,2026-05-05T09:20:32.775Z,"index, follow, max-snippet:-1, max-image-preview:large",,true,2,false,10,,0,text/html; charset=utf-8,289,146705,27d5f559f590
https://pulserevops.com/knowledge/q1800,knowledge,200,Indexable,,1,How does Salesloft defend against HubSpot Sales Hub bundling?,Salesloft defends against HubSpot Sales Hub bundling with five named plays: (1) preserve preferred-partner status with HubSpot (deeper integration than…,How does Salesloft defend against HubSpot Sales Hub bundling?,1,18,812,5144,4,2,0,42,19,0,https://pulserevops.com/knowledge/q1800,0,Person|Organization|Service|ProfessionalService|QAPage|Question|Answer|TechArticle|ImageObject|WebPage|BreadcrumbList|ListItem,2026-06-21T03:15:59.100Z,2026-05-05T09:20:32.205Z,"index, follow, max-snippet:-1, max-image-preview:large",,true,2,false,10,,0,text/html; charset=utf-8,306,145510,a341b3351f80
https://pulserevops.com/knowledge/q1799,knowledge,200,Indexable,,1,Salesloft vs Outreach — which should you buy?,"Buy Salesloft if you're HubSpot-CRM, 50-200 reps, $10-50K ACV, cost-conscious, want post-Vista 30-40% discount on multi-year commits + Drift conversation…",Salesloft vs Outreach — which should you buy?,1,19,2228,5529,4,2,0,44,19,0,https://pulserevops.com/knowledge/q1799,0,Person|Organization|Service|ProfessionalService|QAPage|Question|Answer|TechArticle|ImageObject|WebPage|BreadcrumbList|ListItem,2026-06-21T03:15:57.771Z,2026-05-05T09:20:31.651Z,"index, follow, max-snippet:-1, max-image-preview:large",,true,2,false,10,,0,text/html; charset=utf-8,334,148072,69756e7b5ca3
https://pulserevops.com/knowledge/q1798,knowledge,200,Indexable,,1,Who is the post-Vista Salesloft CEO and what is their mandate?,"The post-Vista Salesloft CEO is a Vista-appointed operator-CEO (typical PE pattern) — typically a ""second-time CEO"" with prior PE-portfolio experience and a…",Who is the post-Vista Salesloft CEO and what is their mandate?,1,18,2399,5571,4,2,0,42,19,0,https://pulserevops.com/knowledge/q1798,0,Person|Organization|Service|ProfessionalService|QAPage|Question|Answer|TechArticle|ImageObject|WebPage|BreadcrumbList|ListItem,2026-06-21T03:15:56.342Z,2026-05-05T09:09:06.158Z,"index, follow, max-snippet:-1, max-image-preview:large",,true,2,false,10,,0,text/html; charset=utf-8,321,148234,8dbf8f3fe217
https://pulserevops.com/knowledge/q1797,knowledge,200,Indexable,,1,How does Salesloft make money in 2027?,"Salesloft makes money in 2027 from four revenue streams: (1) Cadence per-user seat licenses ($300-400M ARR, 70-75% of total), (2) Drift conversation…",How does Salesloft make money in 2027?,1,18,2247,5093,4,2,0,41,19,0,https://pulserevops.com/knowledge/q1797,0,Person|Organization|Service|ProfessionalService|QAPage|Question|Answer|TechArticle|ImageObject|WebPage|BreadcrumbList|ListItem,2026-06-21T03:15:54.823Z,2026-05-05T09:09:05.884Z,"index, follow, max-snippet:-1, max-image-preview:large",,true,2,false,10,,0,text/html; charset=utf-8,312,144440,4353ec0cc965
https://pulserevops.com/knowledge/q1796,knowledge,200,Indexable,,1,Is Salesloft Cadence still relevant in 2027?,"Yes — Salesloft Cadence is still relevant in 2027, but the FORM has evolved from ""12-18 touch email cadences"" to ""AI-orchestrated multichannel touchpoint…",Is Salesloft Cadence still relevant in 2027?,1,17,2050,5014,4,2,0,41,19,0,https://pulserevops.com/knowledge/q1796,0,Person|Organization|Service|ProfessionalService|QAPage|Question|Answer|TechArticle|ImageObject|WebPage|BreadcrumbList|ListItem,2026-06-21T03:15:52.540Z,2026-05-05T09:09:05.570Z,"index, follow, max-snippet:-1, max-image-preview:large",,true,2,false,10,,0,text/html; charset=utf-8,325,141704,b07a9106cd2a
https://pulserevops.com/knowledge/q1795,knowledge,200,Indexable,,1,How does Salesloft compete against AI-native sequencing tools?,"Salesloft competes against AI-native sequencing tools (Lavender, Apollo, Outplay, Hyperbound) using four named advantages: (1) HubSpot CRM ecosystem…",How does Salesloft compete against AI-native sequencing tools?,1,17,404,5811,4,2,0,41,19,0,https://pulserevops.com/knowledge/q1795,0,Person|Organization|Service|ProfessionalService|QAPage|Question|Answer|TechArticle|ImageObject|WebPage|BreadcrumbList|ListItem,2026-06-21T03:15:51.061Z,2026-05-05T09:09:05.222Z,"index, follow, max-snippet:-1, max-image-preview:large",,true,2,false,10,,0,text/html; charset=utf-8,267,150223,0d938d78961f
https://pulserevops.com/knowledge/q1794,knowledge,200,Indexable,,1,What is Salesloft AI strategy in 2027?,"Salesloft's 2027 AI strategy stacks on three pillars: (1) Drift conversational AI (acquired pre-Vista, now integrated into Cadence) — the differentiated…",What is Salesloft AI strategy in 2027?,1,20,2201,5295,4,2,0,42,19,0,https://pulserevops.com/knowledge/q1794,0,Person|Organization|Service|ProfessionalService|QAPage|Question|Answer|TechArticle|ImageObject|WebPage|BreadcrumbList|ListItem,2026-06-21T03:15:49.284Z,2026-05-05T09:09:04.595Z,"index, follow, max-snippet:-1, max-image-preview:large",,true,2,false,10,,0,text/html; charset=utf-8,255,146676,b4ae2ecb6a69
https://pulserevops.com/knowledge/q1793,knowledge,200,Indexable,,1,Can Salesloft keep growing 15%+ post-Vista acquisition?,Probably yes — but barely. Base case 15-18% growth FY27 is achievable if four conditions hold: (1) Vista pricing flexibility drives competitive wins from…,Can Salesloft keep growing 15%+ post-Vista acquisition?,1,21,858,5360,4,2,0,42,19,0,https://pulserevops.com/knowledge/q1793,0,Person|Organization|Service|ProfessionalService|QAPage|Question|Answer|TechArticle|ImageObject|WebPage|BreadcrumbList|ListItem,2026-06-21T03:15:47.870Z,2026-05-05T09:02:57.445Z,"index, follow, max-snippet:-1, max-image-preview:large",,true,2,false,10,,0,text/html; charset=utf-8,299,146794,bb7a0ad34da9
https://pulserevops.com/knowledge/q1792,knowledge,200,Indexable,,1,How is Vista's playbook reshaping Salesloft through 2027?,"Vista's playbook is reshaping Salesloft through 2027 with five named moves: (1) RIF #1 in Q4 2024 (~25% headcount cut, ~30% S&M reduction), (2) operator-CEO…",How is Vista's playbook reshaping Salesloft through 2027?,1,21,2323,5346,4,2,0,41,19,0,https://pulserevops.com/knowledge/q1792,0,Person|Organization|Service|ProfessionalService|QAPage|Question|Answer|TechArticle|ImageObject|WebPage|BreadcrumbList|ListItem,2026-06-21T03:15:46.447Z,2026-05-05T09:02:57.130Z,"index, follow, max-snippet:-1, max-image-preview:large",,true,2,false,10,,0,text/html; charset=utf-8,284,145607,3c8f64793b1a
https://pulserevops.com/knowledge/q1791,knowledge,200,Indexable,,1,Is Salesloft worth buying in 2027?,"Buying Salesloft in 2027 makes sense IF you're (a) HubSpot-CRM, (b) 50-200 reps in pipeline-driven sales motion, (c) cost-sensitive procurement, (d) want…",Is Salesloft worth buying in 2027?,1,17,343,5513,4,2,0,43,19,0,https://pulserevops.com/knowledge/q1791,0,Person|Organization|Service|ProfessionalService|QAPage|Question|Answer|TechArticle|ImageObject|WebPage|BreadcrumbList|ListItem,2026-06-21T03:15:45.076Z,2026-05-05T09:02:56.768Z,"index, follow, max-snippet:-1, max-image-preview:large",,true,2,false,10,,0,text/html; charset=utf-8,274,147115,af078068d64c
https://pulserevops.com/knowledge/q1790,knowledge,200,Indexable,,1,Will Salesloft beat Outreach in mid-market sales engagement by…,Probably no — Salesloft will not beat Outreach in OVERALL mid-market sales engagement by 2027. But Salesloft WILL beat Outreach in two specific mid-market…,Will Salesloft beat Outreach in mid-market sales engagement by 2027?,1,20,2401,5380,4,2,0,42,19,0,https://pulserevops.com/knowledge/q1790,0,Person|Organization|Service|ProfessionalService|QAPage|Question|Answer|TechArticle|ImageObject|WebPage|BreadcrumbList|ListItem,2026-06-21T03:15:43.747Z,2026-05-05T09:02:56.456Z,"index, follow, max-snippet:-1, max-image-preview:large",,true,2,false,10,,0,text/html; charset=utf-8,274,148075,f9cc20eba9aa
https://pulserevops.com/knowledge/q1788,knowledge,200,Indexable,,1,What is Outreach playbook for the next $500M in revenue?,Outreach's playbook for the next $500M in revenue (from $430-500M FY25 to $930M-1B by FY28-29): six named levers stacked over 36 months. (1) Smart Email…,What is Outreach playbook for the next $500M in revenue?,1,25,2469,5636,4,2,0,41,19,0,https://pulserevops.com/knowledge/q1788,0,Person|Organization|Service|ProfessionalService|QAPage|Question|Answer|TechArticle|ImageObject|WebPage|BreadcrumbList|ListItem,2026-06-21T03:15:39.959Z,2026-05-05T08:48:48.447Z,"index, follow, max-snippet:-1, max-image-preview:large",,true,2,false,10,,0,text/html; charset=utf-8,252,147610,e711cf6a48e1
https://pulserevops.com/knowledge/q1789,knowledge,200,Indexable,,1,How does Salesloft hit its 2027 revenue target post-Vista?,Getting Salesloft from estimated $300-400M ARR (FY26) to $450-550M run-rate by FY27 needs $100-200M of NEW ARR — roughly $50-100M/yr for two years. Vista's…,How does Salesloft hit its 2027 revenue target post-Vista?,1,20,1821,5281,4,2,0,42,19,0,https://pulserevops.com/knowledge/q1789,0,Person|Organization|Service|ProfessionalService|QAPage|Question|Answer|TechArticle|ImageObject|WebPage|BreadcrumbList|ListItem,2026-06-21T03:15:42.293Z,2026-05-05T09:02:55.857Z,"index, follow, max-snippet:-1, max-image-preview:large",,true,2,false,10,,0,text/html; charset=utf-8,288,145121,1f5ad50d66d2
https://pulserevops.com/knowledge/q1787,knowledge,200,Indexable,,1,How does Outreach retain CRO talent in 2027?,"Outreach retains CRO talent in 2027 with five named moves: (1) equity refresh program for top 25% of senior leaders (vs late-stage equity gap per q1758), (2)…",How does Outreach retain CRO talent in 2027?,1,19,2176,5050,4,2,0,42,19,0,https://pulserevops.com/knowledge/q1787,0,Person|Organization|Service|ProfessionalService|QAPage|Question|Answer|TechArticle|ImageObject|WebPage|BreadcrumbList|ListItem,2026-06-21T03:15:37.714Z,2026-05-05T08:48:48.149Z,"index, follow, max-snippet:-1, max-image-preview:large",,true,2,false,10,,0,text/html; charset=utf-8,276,143167,394a61b6ec04
https://pulserevops.com/knowledge/q1786,knowledge,200,Indexable,,1,What is Outreach developer-platform strategy through 2027?,Outreach's developer-platform strategy through 2027 has four pillars: (1) deepen the Outreach Marketplace from ~50 apps today to 100+ apps by FY27 (per…,What is Outreach developer-platform strategy through 2027?,1,18,642,5166,4,2,0,42,19,0,https://pulserevops.com/knowledge/q1786,0,Person|Organization|Service|ProfessionalService|QAPage|Question|Answer|TechArticle|ImageObject|WebPage|BreadcrumbList|ListItem,2026-06-21T03:15:35.476Z,2026-05-05T08:48:47.573Z,"index, follow, max-snippet:-1, max-image-preview:large",,true,2,false,10,,0,text/html; charset=utf-8,262,145507,5c0c27b8d9e7
https://pulserevops.com/knowledge/q1785,knowledge,200,Indexable,,1,Should Outreach launch its own AI agent marketplace?,Yes — Outreach should launch an AI agent marketplace by Q3 2026 as part of the agent-orchestration platform pivot (per q1771). The marketplace would host…,Should Outreach launch its own AI agent marketplace?,1,22,679,5515,4,2,0,41,19,0,https://pulserevops.com/knowledge/q1785,0,Person|Organization|Service|ProfessionalService|QAPage|Question|Answer|TechArticle|ImageObject|WebPage|BreadcrumbList|ListItem,2026-06-21T03:15:33.678Z,2026-05-05T08:31:43.591Z,"index, follow, max-snippet:-1, max-image-preview:large",,true,2,false,10,,0,text/html; charset=utf-8,305,147401,6306d0dfa612
https://pulserevops.com/knowledge/q1784,knowledge,200,Indexable,,1,How should Outreach price Smart Email Assist against HubSpot…,Outreach should price Smart Email Assist with a three-tier strategy: (1) $5-10/user/mo add-on for Pro tier (matches HubSpot Breeze's marginal cost…,How should Outreach price Smart Email Assist against HubSpot Breeze?,1,21,2156,5076,4,2,0,43,19,0,https://pulserevops.com/knowledge/q1784,0,Person|Organization|Service|ProfessionalService|QAPage|Question|Answer|TechArticle|ImageObject|WebPage|BreadcrumbList|ListItem,2026-06-21T03:15:30.968Z,2026-05-05T08:31:43.305Z,"index, follow, max-snippet:-1, max-image-preview:large",,true,2,false,10,,0,text/html; charset=utf-8,269,145374,960f6c0805dc
https://pulserevops.com/knowledge/q1783,knowledge,200,Indexable,,1,What does Outreach churn math look like under AI pressure?,Outreach churn math under AI pressure: gross logo churn rises from 8-12% (FY25 baseline) to 12-16% (FY27 projected) due to AI-native competitor poaching +…,What does Outreach churn math look like under AI pressure?,1,22,476,5331,4,2,0,42,19,0,https://pulserevops.com/knowledge/q1783,0,Person|Organization|Service|ProfessionalService|QAPage|Question|Answer|TechArticle|ImageObject|WebPage|BreadcrumbList|ListItem,2026-06-21T03:15:26.930Z,2026-05-05T08:31:43.031Z,"index, follow, max-snippet:-1, max-image-preview:large",,true,2,false,10,,0,text/html; charset=utf-8,264,145056,27d448cac5db
https://pulserevops.com/knowledge/q1782,knowledge,200,Indexable,,1,How does Outreach onboarding compare to Salesloft?,Outreach onboarding is 8-16 weeks (mid-market) and 16-26 weeks (enterprise) — longer than Salesloft's 4-8 weeks (mid-market) and 12-20 weeks (enterprise)…,How does Outreach onboarding compare to Salesloft?,1,22,2309,5345,4,2,0,42,19,0,https://pulserevops.com/knowledge/q1782,0,Person|Organization|Service|ProfessionalService|QAPage|Question|Answer|TechArticle|ImageObject|WebPage|BreadcrumbList|ListItem,2026-06-21T03:15:24.705Z,2026-05-05T08:31:42.758Z,"index, follow, max-snippet:-1, max-image-preview:large",,true,2,false,10,,0,text/html; charset=utf-8,275,147129,902e3d04506d
https://pulserevops.com/knowledge/q1781,knowledge,200,Indexable,,1,Is Outreach mobile app good enough in 2027?,"Outreach mobile app in 2027 is ""barely good enough"" — adequate for enterprise RFP table-stakes (30-40% of RFPs require it) but feature-parity gap with web is…",Is Outreach mobile app good enough in 2027?,1,17,2105,5004,4,2,0,42,19,0,https://pulserevops.com/knowledge/q1781,0,Person|Organization|Service|ProfessionalService|QAPage|Question|Answer|TechArticle|ImageObject|WebPage|BreadcrumbList|ListItem,2026-06-21T03:15:22.549Z,2026-05-05T08:31:42.496Z,"index, follow, max-snippet:-1, max-image-preview:large",,true,2,false,10,,0,text/html; charset=utf-8,327,141976,f26f45bbc709
https://pulserevops.com/knowledge/q1780,knowledge,200,Indexable,,1,How does Outreach API strategy compare to Salesloft?,"Outreach API strategy is broader + deeper than Salesloft's, but Salesloft API has cleaner developer experience. Specifically: Outreach offers 200+ API…",How does Outreach API strategy compare to Salesloft?,1,22,2226,5409,4,2,0,41,19,0,https://pulserevops.com/knowledge/q1780,0,Person|Organization|Service|ProfessionalService|QAPage|Question|Answer|TechArticle|ImageObject|WebPage|BreadcrumbList|ListItem,2026-06-21T03:17:14.731Z,2026-05-05T08:31:42.193Z,"index, follow, max-snippet:-1, max-image-preview:large",,true,2,false,10,,0,text/html; charset=utf-8,291,148339,c0842b2104ef
https://pulserevops.com/knowledge/q1778,knowledge,200,Indexable,,1,What is the bear case for Outreach 2027?,"The bear case for Outreach 2027: Smart Email Assist attach plateaus at 30-40% (not 50-60% target), Salesloft post-Vista triggers 30-40% price war, HubSpot…",What is the bear case for Outreach 2027?,1,21,863,5533,4,2,0,42,19,0,https://pulserevops.com/knowledge/q1778,0,Person|Organization|Service|ProfessionalService|QAPage|Question|Answer|TechArticle|ImageObject|WebPage|BreadcrumbList|ListItem,2026-06-21T03:17:10.050Z,2026-05-05T08:31:41.663Z,"index, follow, max-snippet:-1, max-image-preview:large",,true,2,false,10,,0,text/html; charset=utf-8,243,146094,27873ed85e9b
https://pulserevops.com/knowledge/q1779,knowledge,200,Indexable,,1,What is the bull case for Outreach 2027?,"The bull case for Outreach 2027: Smart Email Assist attach hits 60-70%, Salesloft post-Vista doesn't trigger price war, agent-orchestration platform pivot…",What is the bull case for Outreach 2027?,1,22,2388,5511,4,2,0,42,19,0,https://pulserevops.com/knowledge/q1779,0,Person|Organization|Service|ProfessionalService|QAPage|Question|Answer|TechArticle|ImageObject|WebPage|BreadcrumbList|ListItem,2026-06-21T03:17:12.332Z,2026-05-05T08:31:41.925Z,"index, follow, max-snippet:-1, max-image-preview:large",,true,2,false,10,,0,text/html; charset=utf-8,268,145919,398e3d0a78c4
https://pulserevops.com/knowledge/q1777,knowledge,200,Indexable,,1,Should Outreach acquire Apollo to compete in lead-gen?,No — Outreach should NOT acquire Apollo. Apollo's valuation ($2-5B private) is 5-10x Outreach's M&A budget; the cultural/product overlap creates integration…,Should Outreach acquire Apollo to compete in lead-gen?,1,18,2258,5357,4,2,0,42,19,0,https://pulserevops.com/knowledge/q1777,0,Person|Organization|Service|ProfessionalService|QAPage|Question|Answer|TechArticle|ImageObject|WebPage|BreadcrumbList|ListItem,2026-06-21T03:17:07.348Z,2026-05-05T08:31:40.830Z,"index, follow, max-snippet:-1, max-image-preview:large",,true,2,false,10,,0,text/html; charset=utf-8,262,146157,a2aa818e6368
https://pulserevops.com/knowledge/q1776,knowledge,200,Indexable,,1,Should Outreach acquire Lavender to win AI email?,"Yes — Outreach should acquire Lavender for $100-200M in Q3 2026, conditional on (1) Lavender founder willing to sell at this stage, (2) integration plan that…",Should Outreach acquire Lavender to win AI email?,1,21,2274,5333,4,2,0,42,19,0,https://pulserevops.com/knowledge/q1776,0,Person|Organization|Service|ProfessionalService|QAPage|Question|Answer|TechArticle|ImageObject|WebPage|BreadcrumbList|ListItem,2026-06-21T03:17:05.223Z,2026-05-05T08:31:40.552Z,"index, follow, max-snippet:-1, max-image-preview:large",,true,2,false,10,,0,text/html; charset=utf-8,306,145931,fada373b81e2
https://pulserevops.com/knowledge/q1775,knowledge,200,Indexable,,1,What is Outreach M&A strategy through 2028?,Outreach's M&A strategy through 2028 should target three named acquisitions in priority order: (1) Lavender ($100-200M) — defends Smart Email Assist against…,What is Outreach M&A strategy through 2028?,1,22,2216,5181,4,2,0,41,19,0,https://pulserevops.com/knowledge/q1775,0,Person|Organization|Service|ProfessionalService|QAPage|Question|Answer|TechArticle|ImageObject|WebPage|BreadcrumbList|ListItem,2026-06-21T03:17:02.850Z,2026-05-05T08:31:40.224Z,"index, follow, max-snippet:-1, max-image-preview:large",,true,2,false,10,,0,text/html; charset=utf-8,273,146124,bd98673bcf99
https://pulserevops.com/knowledge/q1774,knowledge,200,Indexable,,1,Should Outreach sell to private equity?,Probably no — Outreach should pursue IPO 2027-28 as primary path with PE acquisition as fallback. The four named reasons IPO wins over PE: (1) IPO valuation…,Should Outreach sell to private equity?,1,19,829,4898,4,2,0,40,19,0,https://pulserevops.com/knowledge/q1774,0,Person|Organization|Service|ProfessionalService|QAPage|Question|Answer|TechArticle|ImageObject|WebPage|BreadcrumbList|ListItem,2026-06-21T03:16:59.471Z,2026-05-05T08:31:39.956Z,"index, follow, max-snippet:-1, max-image-preview:large",,true,2,false,10,,0,text/html; charset=utf-8,307,140545,fda948f515ee
https://pulserevops.com/knowledge/q1772,knowledge,200,Indexable,,1,How does Outreach protect ARPU from churn in a recession?,Outreach protects ARPU from churn in a recession with five named defenses: (1) lock multi-year commits NOW (2-3 yr contracts at 30-40% discount) before…,How does Outreach protect ARPU from churn in a recession?,1,21,2367,5509,4,2,0,43,19,0,https://pulserevops.com/knowledge/q1772,0,Person|Organization|Service|ProfessionalService|QAPage|Question|Answer|TechArticle|ImageObject|WebPage|BreadcrumbList|ListItem,2026-06-21T03:16:54.700Z,2026-05-05T08:31:39.406Z,"index, follow, max-snippet:-1, max-image-preview:large",,true,2,false,10,,0,text/html; charset=utf-8,267,146590,09dde7d7e365
https://pulserevops.com/knowledge/q1771,knowledge,200,Indexable,,1,Should Outreach pivot from sequencing to agent-orchestration?,"Yes — but as an EVOLUTION, not a pivot. Outreach should add agent-orchestration as the next layer ON TOP of sequencing, not replace sequencing. The right…",Should Outreach pivot from sequencing to agent-orchestration?,1,19,2165,5171,4,2,0,42,19,0,https://pulserevops.com/knowledge/q1771,0,Person|Organization|Service|ProfessionalService|QAPage|Question|Answer|TechArticle|ImageObject|WebPage|BreadcrumbList|ListItem,2026-06-21T03:16:52.353Z,2026-05-05T08:31:39.133Z,"index, follow, max-snippet:-1, max-image-preview:large",,true,2,false,10,,0,text/html; charset=utf-8,267,144500,1b50e677d947
https://pulserevops.com/knowledge/q1773,knowledge,200,Indexable,,1,What is Outreach right org structure in 2027?,Outreach's right org structure in 2027 is a function-led model with three named adjustments from current state: (1) consolidate AI engineering into a…,What is Outreach right org structure in 2027?,1,18,1549,5159,4,2,0,42,19,0,https://pulserevops.com/knowledge/q1773,0,Person|Organization|Service|ProfessionalService|QAPage|Question|Answer|TechArticle|ImageObject|WebPage|BreadcrumbList|ListItem,2026-06-21T03:16:57.001Z,2026-05-05T08:31:39.686Z,"index, follow, max-snippet:-1, max-image-preview:large",,true,2,false,10,,0,text/html; charset=utf-8,400,143014,44faeb280739
https://pulserevops.com/knowledge/q1770,knowledge,200,Indexable,,1,What replaces sales sequences if AI agents handle outbound?,"If AI agents fully handle outbound by FY28-30, sales sequences as a category compress into a layer within a broader ""AI Sales Agent Platform"" that includes…",What replaces sales sequences if AI agents handle outbound?,1,22,2326,5627,4,2,0,42,19,0,https://pulserevops.com/knowledge/q1770,0,Person|Organization|Service|ProfessionalService|QAPage|Question|Answer|TechArticle|ImageObject|WebPage|BreadcrumbList|ListItem,2026-06-21T03:16:50.191Z,2026-05-05T08:31:38.868Z,"index, follow, max-snippet:-1, max-image-preview:large",,true,2,false,10,,0,text/html; charset=utf-8,244,147556,41c847e5c492
https://pulserevops.com/knowledge/q1768,knowledge,200,Indexable,,1,What is Outreach enterprise win-rate vs Salesloft in 2026?,Outreach enterprise win-rate vs Salesloft in 2026 is estimated at 58-65% in head-to-head deals (Outreach wins) — driven by Salesforce-CRM alignment +…,What is Outreach enterprise win-rate vs Salesloft in 2026?,1,22,2388,5393,4,2,0,43,19,0,https://pulserevops.com/knowledge/q1768,0,Person|Organization|Service|ProfessionalService|QAPage|Question|Answer|TechArticle|ImageObject|WebPage|BreadcrumbList|ListItem,2026-06-21T03:16:45.877Z,2026-05-05T08:31:38.353Z,"index, follow, max-snippet:-1, max-image-preview:large",,true,2,false,10,,0,text/html; charset=utf-8,333,149002,a7d3b4f1873e
https://pulserevops.com/knowledge/q1769,knowledge,200,Indexable,,1,How should Outreach rethink its sequencing thesis for AI buyers?,"Outreach must rethink its sequencing thesis from ""static multichannel cadences executed by reps"" (2018-22 thesis) to ""AI-orchestrated dynamic touchpoint…",How should Outreach rethink its sequencing thesis for AI buyers?,1,21,2280,5435,4,2,0,42,19,0,https://pulserevops.com/knowledge/q1769,0,Person|Organization|Service|ProfessionalService|QAPage|Question|Answer|TechArticle|ImageObject|WebPage|BreadcrumbList|ListItem,2026-06-21T03:16:48.108Z,2026-05-05T08:31:38.605Z,"index, follow, max-snippet:-1, max-image-preview:large",,true,2,false,10,,0,text/html; charset=utf-8,348,146664,c4aecf9d9306
https://pulserevops.com/knowledge/q1766,knowledge,200,Indexable,,1,How does Outreach pay its sales team?,Outreach pays its sales team on a 50/50 base/variable split (industry standard for sales-engagement SaaS) with OTEs ranging $130-160K (junior SDR) to…,How does Outreach pay its sales team?,1,20,2344,5343,4,2,0,44,19,0,https://pulserevops.com/knowledge/q1766,0,Person|Organization|Service|ProfessionalService|QAPage|Question|Answer|TechArticle|ImageObject|WebPage|BreadcrumbList|ListItem,2026-06-21T03:16:41.259Z,2026-05-05T08:31:37.790Z,"index, follow, max-snippet:-1, max-image-preview:large",,true,2,false,10,,0,text/html; charset=utf-8,264,143706,1062726336ca
https://pulserevops.com/knowledge/q1767,knowledge,200,Indexable,,1,Is Outreach pricing model broken at the bottom?,Yes — Outreach pricing model IS broken at the bottom (SMB and lower mid-market <50 reps) where the $130-160/user/mo Pro tier is 2-3x what Apollo charges +…,Is Outreach pricing model broken at the bottom?,1,18,132,5037,4,2,0,41,19,0,https://pulserevops.com/knowledge/q1767,0,Person|Organization|Service|ProfessionalService|QAPage|Question|Answer|TechArticle|ImageObject|WebPage|BreadcrumbList|ListItem,2026-06-21T03:16:43.297Z,2026-05-05T08:31:38.060Z,"index, follow, max-snippet:-1, max-image-preview:large",,true,2,false,10,,0,text/html; charset=utf-8,268,143075,a18b7fea25a6
https://pulserevops.com/knowledge/q1765,knowledge,200,Indexable,,1,Will Outreach AEs hit quota in 2027?,Outreach AE quota attainment in 2027 is projected at 52-62% of plan (vs 65-72% historical norm vs industry average ~55-60% for sales-engagement category) — a…,Will Outreach AEs hit quota in 2027?,1,21,1123,5403,4,2,0,43,19,0,https://pulserevops.com/knowledge/q1765,0,Person|Organization|Service|ProfessionalService|QAPage|Question|Answer|TechArticle|ImageObject|WebPage|BreadcrumbList|ListItem,2026-06-21T03:16:39.015Z,2026-05-05T08:31:37.516Z,"index, follow, max-snippet:-1, max-image-preview:large",,true,2,false,10,,0,text/html; charset=utf-8,245,146384,5887843737ee
https://pulserevops.com/knowledge/q1763,knowledge,200,Indexable,,1,Is Outreach certification worth it in 2027?,"Yes — Outreach certification (via Outreach University) is worth it in 2027 IF (1) you're early-mid career (0-7 yrs), (2) targeting sales-engagement roles…",Is Outreach certification worth it in 2027?,1,21,2312,5532,4,2,0,42,19,0,https://pulserevops.com/knowledge/q1763,0,Person|Organization|Service|ProfessionalService|QAPage|Question|Answer|TechArticle|ImageObject|WebPage|BreadcrumbList|ListItem,2026-06-21T03:16:34.181Z,2026-05-05T08:31:36.760Z,"index, follow, max-snippet:-1, max-image-preview:large",,true,2,false,10,,0,text/html; charset=utf-8,251,145892,2bdd3f76c33a
https://pulserevops.com/knowledge/q1764,knowledge,200,Indexable,,1,What is Outreach RevOps career path?,Outreach RevOps career path: RevOps Analyst ($90-130K) → RevOps Manager ($130-180K) → RevOps Senior Manager ($170-230K) → Director of RevOps ($220-310K) → VP…,What is Outreach RevOps career path?,1,18,2120,5000,4,2,0,40,19,0,https://pulserevops.com/knowledge/q1764,0,Person|Organization|Service|ProfessionalService|QAPage|Question|Answer|TechArticle|ImageObject|WebPage|BreadcrumbList|ListItem,2026-06-21T03:16:36.447Z,2026-05-05T08:31:37.032Z,"index, follow, max-snippet:-1, max-image-preview:large",,true,2,false,10,,0,text/html; charset=utf-8,352,146424,c74278c0b653
https://pulserevops.com/knowledge/q1762,knowledge,200,Indexable,,1,Should I learn Outreach or Salesloft in 2027?,Learn Outreach in 2027 if your target employer / current company runs Salesforce CRM (~80% of large enterprise) — Outreach skill maps to higher-ACV roles +…,Should I learn Outreach or Salesloft in 2027?,1,21,2363,5549,4,2,0,41,19,0,https://pulserevops.com/knowledge/q1762,0,Person|Organization|Service|ProfessionalService|QAPage|Question|Answer|TechArticle|ImageObject|WebPage|BreadcrumbList|ListItem,2026-06-21T03:16:31.986Z,2026-05-05T08:31:36.473Z,"index, follow, max-snippet:-1, max-image-preview:large",,true,2,false,10,,0,text/html; charset=utf-8,276,146909,f2fc8f53c0be
https://pulserevops.com/knowledge/q1761,knowledge,200,Indexable,,1,Is an Outreach AE role still good for my career in 2027?,"Outreach AE in 2027 is good for your career IF (1) you're targeting Strategic Account / Enterprise tier ($1M+ ACV deals), (2) you want category-leader brand…",Is an Outreach AE role still good for my career in 2027?,1,20,2401,5631,4,2,0,42,19,0,https://pulserevops.com/knowledge/q1761,0,Person|Organization|Service|ProfessionalService|QAPage|Question|Answer|TechArticle|ImageObject|WebPage|BreadcrumbList|ListItem,2026-06-21T03:16:29.654Z,2026-05-05T08:31:36.210Z,"index, follow, max-snippet:-1, max-image-preview:large",,true,2,false,10,,0,text/html; charset=utf-8,249,144814,a2bbf4ee2e53
https://pulserevops.com/knowledge/q1760,knowledge,200,Indexable,,1,Should I work for Outreach in 2027?,Working for Outreach in 2027 makes sense IF you want late-stage SaaS stability + IPO upside + sales-engagement category leader brand on resume + are…,Should I work for Outreach in 2027?,1,18,2174,5181,4,2,0,42,19,0,https://pulserevops.com/knowledge/q1760,0,Person|Organization|Service|ProfessionalService|QAPage|Question|Answer|TechArticle|ImageObject|WebPage|BreadcrumbList|ListItem,2026-06-21T03:16:27.419Z,2026-05-05T08:31:35.939Z,"index, follow, max-snippet:-1, max-image-preview:large",,true,2,false,10,,0,text/html; charset=utf-8,274,142757,28ce4f040f34
https://pulserevops.com/knowledge/q1759,knowledge,200,Indexable,,1,What does Outreach 2024 RIF tell us about 2027?,"The April 2024 RIF (~250 employees, ~14% of headcount, ~30% S&M cut) tells us four things about FY27: (1) Outreach is on a Vista-style discipline + FCF +…",What does Outreach 2024 RIF tell us about 2027?,1,20,829,5444,4,2,0,43,19,0,https://pulserevops.com/knowledge/q1759,0,Person|Organization|Service|ProfessionalService|QAPage|Question|Answer|TechArticle|ImageObject|WebPage|BreadcrumbList|ListItem,2026-06-21T03:16:25.248Z,2026-05-05T08:31:35.604Z,"index, follow, max-snippet:-1, max-image-preview:large",,true,2,false,10,,0,text/html; charset=utf-8,261,144378,02a058211960
https://pulserevops.com/knowledge/q1757,knowledge,200,Indexable,,1,How does Outreach defend its integration ecosystem?,Outreach defends its integration ecosystem with four named moves: (1) deepen Salesforce + HubSpot CRM integrations to maintain CRM-aligned customer lock-in…,How does Outreach defend its integration ecosystem?,1,23,2238,5468,4,2,0,42,19,0,https://pulserevops.com/knowledge/q1757,0,Person|Organization|Service|ProfessionalService|QAPage|Question|Answer|TechArticle|ImageObject|WebPage|BreadcrumbList|ListItem,2026-06-21T03:13:28.384Z,2026-05-05T08:31:34.396Z,"index, follow, max-snippet:-1, max-image-preview:large",,true,2,false,10,,0,text/html; charset=utf-8,244,148516,08fdc9c3394a
https://pulserevops.com/knowledge/q1756,knowledge,200,Indexable,,1,What is Outreach data-center strategy through 2027?,"Outreach data-center strategy through 2027: AWS-only multi-region with regional data residency in US-East, US-West, EU-Central (Frankfurt), EU-West…",What is Outreach data-center strategy through 2027?,1,23,2324,5320,4,2,0,42,19,0,https://pulserevops.com/knowledge/q1756,0,Person|Organization|Service|ProfessionalService|QAPage|Question|Answer|TechArticle|ImageObject|WebPage|BreadcrumbList|ListItem,2026-06-21T03:16:20.528Z,2026-05-05T08:31:34.126Z,"index, follow, max-snippet:-1, max-image-preview:large",,true,2,false,10,,0,text/html; charset=utf-8,286,145919,b45c493aa587
https://pulserevops.com/knowledge/q1758,knowledge,200,Indexable,,1,Why is Outreach losing AE talent to AI-native competitors?,"Outreach is losing AE talent to AI-native competitors (Apollo, Lavender, Outplay) for four named reasons: (1) equity upside gap — Apollo + Lavender at…",Why is Outreach losing AE talent to AI-native competitors?,1,20,2270,5317,4,2,0,43,19,0,https://pulserevops.com/knowledge/q1758,0,Person|Organization|Service|ProfessionalService|QAPage|Question|Answer|TechArticle|ImageObject|WebPage|BreadcrumbList|ListItem,2026-06-21T03:16:22.781Z,2026-05-05T08:31:35.340Z,"index, follow, max-snippet:-1, max-image-preview:large",,true,2,false,10,,0,text/html; charset=utf-8,356,144731,53c7bd3fa755
https://pulserevops.com/knowledge/q1755,knowledge,200,Indexable,,1,Should Outreach kill its mobile app?,"Maybe — but probably not, with conditions. Outreach should NOT kill the mobile app outright; it should kill the FULL-FEATURED mobile app and replace it with…",Should Outreach kill its mobile app?,1,21,2407,5541,4,2,0,40,17,0,https://pulserevops.com/knowledge/q1755,0,Person|Organization|Service|ProfessionalService|QAPage|Question|Answer|TechArticle|ImageObject|WebPage|BreadcrumbList|ListItem,2026-06-21T03:13:27.000Z,2026-05-05T08:31:33.845Z,"index, follow, max-snippet:-1, max-image-preview:large",,true,2,false,10,,0,text/html; charset=utf-8,250,144704,d9799d7c0414
https://pulserevops.com/knowledge/q1754,knowledge,200,Indexable,,1,Is Outreach Sequences still strategic in 2027?,"Yes — Outreach Sequences is still strategic in 2027, but the FORM has fundamentally changed: from ""12-18-touch email cadences"" (2018-22 thesis) to…",Is Outreach Sequences still strategic in 2027?,1,17,2190,5241,4,2,0,42,19,0,https://pulserevops.com/knowledge/q1754,0,Person|Organization|Service|ProfessionalService|QAPage|Question|Answer|TechArticle|ImageObject|WebPage|BreadcrumbList|ListItem,2026-06-21T03:16:19.187Z,2026-05-05T08:31:33.566Z,"index, follow, max-snippet:-1, max-image-preview:large",,true,2,false,10,,0,text/html; charset=utf-8,299,143478,de7ceba01804
https://pulserevops.com/knowledge/q1753,knowledge,200,Indexable,,1,How does Outreach ARPU change post-AI rollout?,Outreach ARPU (Average Revenue Per User per month) trajectory through FY27: $130-160 (Pro tier baseline FY25) → $165-220 (Pro tier + AI add-on attach FY26) →…,How does Outreach ARPU change post-AI rollout?,1,17,382,4963,4,2,0,41,19,0,https://pulserevops.com/knowledge/q1753,0,Person|Organization|Service|ProfessionalService|QAPage|Question|Answer|TechArticle|ImageObject|WebPage|BreadcrumbList|ListItem,2026-06-21T03:13:25.656Z,2026-05-05T08:31:33.289Z,"index, follow, max-snippet:-1, max-image-preview:large",,true,2,false,10,,0,text/html; charset=utf-8,280,141578,b811a206ff24
https://pulserevops.com/knowledge/q1751,knowledge,200,Indexable,,1,How does Outreach price Smart Email Assist without cannibalizing…,Outreach prices Smart Email Assist without cannibalizing core by combining three pricing levers: (1) per-seat add-on at $5-15/user/mo on Pro tier…,How does Outreach price Smart Email Assist without cannibalizing core?,1,20,2132,5076,4,2,0,41,19,0,https://pulserevops.com/knowledge/q1751,0,Person|Organization|Service|ProfessionalService|QAPage|Question|Answer|TechArticle|ImageObject|WebPage|BreadcrumbList|ListItem,2026-06-21T03:13:22.892Z,2026-05-05T08:31:32.698Z,"index, follow, max-snippet:-1, max-image-preview:large",,true,2,false,10,,0,text/html; charset=utf-8,221,143481,b01010b9ec1f
https://pulserevops.com/knowledge/q1752,knowledge,200,Indexable,,1,Should Outreach launch a vertical-revenue sub-brand?,Outreach should launch vertical SKUs but NOT a separate sub-brand — vertical solutions packaging within the Outreach brand captures the premium without the…,Should Outreach launch a vertical-revenue sub-brand?,1,17,2182,5154,4,2,0,41,19,0,https://pulserevops.com/knowledge/q1752,0,Person|Organization|Service|ProfessionalService|QAPage|Question|Answer|TechArticle|ImageObject|WebPage|BreadcrumbList|ListItem,2026-06-21T03:13:24.360Z,2026-05-05T08:31:33.003Z,"index, follow, max-snippet:-1, max-image-preview:large",,true,2,false,10,,0,text/html; charset=utf-8,315,144962,9f434bb62f66
https://pulserevops.com/knowledge/q1750,knowledge,200,Indexable,,1,Why did Outreach's valuation drop from $4.4B to $2-3B?,Outreach's valuation dropped from $4.4B (peak Series G June 2021) to $2-3B (secondary trades 2024-25) for four named reasons: (1) SaaS multiple compression —…,Why did Outreach's valuation drop from $4.4B to $2-3B?,1,22,2358,5402,4,2,0,42,17,0,https://pulserevops.com/knowledge/q1750,0,Person|Organization|Service|ProfessionalService|QAPage|Question|Answer|TechArticle|ImageObject|WebPage|BreadcrumbList|ListItem,2026-06-21T03:13:21.524Z,2026-05-05T08:31:32.387Z,"index, follow, max-snippet:-1, max-image-preview:large",,true,2,false,10,,0,text/html; charset=utf-8,262,144540,4bbb12ccc923
https://pulserevops.com/knowledge/q1749,knowledge,200,Indexable,,1,What is Outreach competitive moat against Salesloft + Apollo?,"Outreach's competitive moat against Salesloft + Apollo stacks on five layers: (1) the activity-graph data moat (6,000 brands × 200K+ reps × billions of…",What is Outreach competitive moat against Salesloft + Apollo?,1,19,2233,5340,4,2,0,42,19,0,https://pulserevops.com/knowledge/q1749,0,Person|Organization|Service|ProfessionalService|QAPage|Question|Answer|TechArticle|ImageObject|WebPage|BreadcrumbList|ListItem,2026-06-21T03:13:20.084Z,2026-05-05T08:31:32.065Z,"index, follow, max-snippet:-1, max-image-preview:large",,true,2,false,10,,0,text/html; charset=utf-8,241,145067,b9a0933ecf29
https://pulserevops.com/knowledge/q1748,knowledge,200,Indexable,,1,Should Outreach acquire a Loom-equivalent in 2027?,Outreach should NOT acquire a Loom-equivalent in 2027 — better to integrate via API partnership with Vidyard or Loom directly. Acquiring a Loom-class company…,Should Outreach acquire a Loom-equivalent in 2027?,1,20,402,5264,4,2,0,42,19,0,https://pulserevops.com/knowledge/q1748,0,Person|Organization|Service|ProfessionalService|QAPage|Question|Answer|TechArticle|ImageObject|WebPage|BreadcrumbList|ListItem,2026-06-21T03:13:18.772Z,2026-05-05T08:31:31.801Z,"index, follow, max-snippet:-1, max-image-preview:large",,true,2,false,10,,0,text/html; charset=utf-8,253,145457,512715475566
https://pulserevops.com/knowledge/q1747,knowledge,200,Indexable,,1,What is Outreach gross margin trajectory through 2028?,Outreach gross margin trajectory through 2028: 75-80% in FY26 → 73-78% in FY27 (slight compression from AI compute cost) → 76-81% in FY28 (compute…,What is Outreach gross margin trajectory through 2028?,1,18,2095,4940,4,2,0,43,19,0,https://pulserevops.com/knowledge/q1747,0,Person|Organization|Service|ProfessionalService|QAPage|Question|Answer|TechArticle|ImageObject|WebPage|BreadcrumbList|ListItem,2026-06-21T03:13:17.552Z,2026-05-05T08:31:31.529Z,"index, follow, max-snippet:-1, max-image-preview:large",,true,2,false,10,,0,text/html; charset=utf-8,245,142406,7b89b5bfa120
https://pulserevops.com/knowledge/q1746,knowledge,200,Indexable,,1,How does Outreach grow internationally without burning margin?,Outreach grows internationally without burning margin by running a partner-led EMEA + APAC strategy instead of building expensive direct sales beachheads…,How does Outreach grow internationally without burning margin?,1,20,2342,5386,4,2,0,42,19,0,https://pulserevops.com/knowledge/q1746,0,Person|Organization|Service|ProfessionalService|QAPage|Question|Answer|TechArticle|ImageObject|WebPage|BreadcrumbList|ListItem,2026-06-21T03:13:16.186Z,2026-05-05T08:31:30.937Z,"index, follow, max-snippet:-1, max-image-preview:large",,true,2,false,10,,0,text/html; charset=utf-8,282,145902,1763ce4f73bd
https://pulserevops.com/knowledge/q1745,knowledge,200,Indexable,,1,Is Outreach Commit forecasting worth buying?,"Outreach Commit is worth buying IF you're already an Outreach customer (bundle attach makes the ROI math clean) and your forecasting pain is ""we don't have…",Is Outreach Commit forecasting worth buying?,1,19,1578,4973,4,2,0,40,19,0,https://pulserevops.com/knowledge/q1745,0,Person|Organization|Service|ProfessionalService|QAPage|Question|Answer|TechArticle|ImageObject|WebPage|BreadcrumbList|ListItem,2026-06-21T03:13:14.873Z,2026-05-05T03:02:34.099Z,"index, follow, max-snippet:-1, max-image-preview:large",,true,2,false,10,,0,text/html; charset=utf-8,253,142583,24b4fd8048ba
https://pulserevops.com/knowledge/q1744,knowledge,200,Indexable,,1,Will Outreach Kaia win conversation intelligence vs Gong?,"Outreach Kaia probably won't beat Gong as the standalone conversation intelligence category leader by FY27, but Kaia will win the segment that matters most…",Will Outreach Kaia win conversation intelligence vs Gong?,1,17,920,5119,4,2,0,41,19,0,https://pulserevops.com/knowledge/q1744,0,Person|Organization|Service|ProfessionalService|QAPage|Question|Answer|TechArticle|ImageObject|WebPage|BreadcrumbList|ListItem,2026-06-21T03:13:13.543Z,2026-05-05T03:02:33.805Z,"index, follow, max-snippet:-1, max-image-preview:large",,true,2,false,10,,0,text/html; charset=utf-8,276,144346,6c6eeeee4dd0
https://pulserevops.com/knowledge/q1743,knowledge,200,Indexable,,1,What should Outreach do about sequence-fatigue stagnation?,Outreach should respond to sequence-fatigue stagnation with five named moves: (1) ship Smart Email Assist as the AI personalization layer that makes generic…,What should Outreach do about sequence-fatigue stagnation?,1,22,2243,5303,4,2,0,42,19,0,https://pulserevops.com/knowledge/q1743,0,Person|Organization|Service|ProfessionalService|QAPage|Question|Answer|TechArticle|ImageObject|WebPage|BreadcrumbList|ListItem,2026-06-21T03:13:12.198Z,2026-05-05T03:02:33.513Z,"index, follow, max-snippet:-1, max-image-preview:large",,true,2,false,10,,0,text/html; charset=utf-8,314,144219,afba74a9c756
https://pulserevops.com/knowledge/q1742,knowledge,200,Indexable,,1,How does Outreach upmarket without losing mid-market?,Outreach upmarkets without losing mid-market by tier-stratification: keep Pro tier purpose-built for 50-150-rep mid-market with simpler UX + competitive…,How does Outreach upmarket without losing mid-market?,1,19,1953,5231,4,2,0,41,19,0,https://pulserevops.com/knowledge/q1742,0,Person|Organization|Service|ProfessionalService|QAPage|Question|Answer|TechArticle|ImageObject|WebPage|BreadcrumbList|ListItem,2026-06-21T03:13:10.780Z,2026-05-05T03:02:33.230Z,"index, follow, max-snippet:-1, max-image-preview:large",,true,2,false,10,,0,text/html; charset=utf-8,258,145264,f8e719b7b6c5
https://pulserevops.com/knowledge/q1741,knowledge,200,Indexable,,1,What is Outreach net revenue retention in 2026?,"Outreach NRR (Net Revenue Retention) in 2026 is estimated at 105-115%, down from a 2021-22 peak of ~125%. The 105-115% range comes from: gross retention…",What is Outreach net revenue retention in 2026?,1,21,2012,5076,4,2,0,41,19,0,https://pulserevops.com/knowledge/q1741,0,Person|Organization|Service|ProfessionalService|QAPage|Question|Answer|TechArticle|ImageObject|WebPage|BreadcrumbList|ListItem,2026-06-21T03:13:09.364Z,2026-05-05T03:02:32.882Z,"index, follow, max-snippet:-1, max-image-preview:large",,true,2,false,10,,0,text/html; charset=utf-8,277,142467,18cebc00166b
https://pulserevops.com/knowledge/q1740,knowledge,200,Indexable,,1,How does Outreach defend against HubSpot Sales Hub bundling?,"Outreach defends against HubSpot Sales Hub bundling with five named plays: (1) enterprise depth that HubSpot can't match (570+ customers >$100K ACV), (2)…",How does Outreach defend against HubSpot Sales Hub bundling?,1,22,805,5561,4,2,0,41,19,0,https://pulserevops.com/knowledge/q1740,0,Person|Organization|Service|ProfessionalService|QAPage|Question|Answer|TechArticle|ImageObject|WebPage|BreadcrumbList|ListItem,2026-06-21T03:13:08.040Z,2026-05-05T03:02:32.536Z,"index, follow, max-snippet:-1, max-image-preview:large",,true,2,false,10,,0,text/html; charset=utf-8,252,148385,f0072bae1ce6
https://pulserevops.com/knowledge/q1739,knowledge,200,Indexable,,1,Outreach vs Salesloft — which should you buy?,"Buy Outreach if you're Salesforce-CRM, 100+ reps, $30K+ ACV, and want enterprise depth + AI roadmap. Buy Salesloft if you're HubSpot-CRM, 50-200 reps…",Outreach vs Salesloft — which should you buy?,1,19,2169,5356,4,2,0,42,23,0,https://pulserevops.com/knowledge/q1739,0,Person|Organization|Service|ProfessionalService|QAPage|Question|Answer|TechArticle|ImageObject|WebPage|BreadcrumbList|ListItem,2026-06-21T03:13:06.701Z,2026-05-05T03:02:32.207Z,"index, follow, max-snippet:-1, max-image-preview:large",,true,2,false,10,,0,text/html; charset=utf-8,478,147636,c6750c023f19
https://pulserevops.com/knowledge/q1738,knowledge,200,Indexable,,1,Why is Manny Medina's job on the line in 2027?,"Manny Medina's job is on the line in 2027 for four specific reasons: (1) the FY27 IPO window — if Outreach goes public, the board will scrutinize founder-CEO…",Why is Manny Medina's job on the line in 2027?,1,20,1958,5133,4,2,0,42,19,0,https://pulserevops.com/knowledge/q1738,0,Person|Organization|Service|ProfessionalService|QAPage|Question|Answer|TechArticle|ImageObject|WebPage|BreadcrumbList|ListItem,2026-06-21T03:13:05.359Z,2026-05-05T03:02:31.920Z,"index, follow, max-snippet:-1, max-image-preview:large",,true,2,false,10,,0,text/html; charset=utf-8,416,142351,d5ff69843b16
https://pulserevops.com/knowledge/q1737,knowledge,200,Indexable,,1,How does Outreach make money in 2027?,"Outreach makes money in 2027 from four revenue streams: (1) per-user seat licenses on Pro + Enterprise tiers ($330-450M ARR), (2) AI add-on consumption +…",How does Outreach make money in 2027?,1,23,607,5490,4,2,0,43,23,0,https://pulserevops.com/knowledge/q1737,0,Person|Organization|Service|ProfessionalService|QAPage|Question|Answer|TechArticle|ImageObject|WebPage|BreadcrumbList|ListItem,2026-06-21T03:13:04.057Z,2026-05-05T03:02:31.575Z,"index, follow, max-snippet:-1, max-image-preview:large",,true,2,false,10,,0,text/html; charset=utf-8,332,147950,227ea80641f8
https://pulserevops.com/knowledge/q1736,knowledge,200,Indexable,,1,Is Outreach Smart Email Assist working?,Smart Email Assist is working — but unevenly. Early adopter data shows 15-25% reply-rate uplift on personalized outbound when reps actually use it; 60-70% of…,Is Outreach Smart Email Assist working?,1,20,1154,5309,4,2,0,41,21,0,https://pulserevops.com/knowledge/q1736,0,Person|Organization|Service|ProfessionalService|QAPage|Question|Answer|TechArticle|ImageObject|WebPage|BreadcrumbList|ListItem,2026-06-21T03:13:02.727Z,2026-05-05T03:02:31.211Z,"index, follow, max-snippet:-1, max-image-preview:large",,true,2,false,10,,0,text/html; charset=utf-8,265,144744,2604298744ff
https://pulserevops.com/knowledge/q1735,knowledge,200,Indexable,,1,How does Outreach compete against AI-native sequencing tools?,"Outreach competes against AI-native sequencing tools (Lavender, Twain, Outplay, Hyperbound) by leveraging four advantages: (1) the activity-graph data moat…",How does Outreach compete against AI-native sequencing tools?,1,20,664,5427,4,2,0,43,23,0,https://pulserevops.com/knowledge/q1735,0,Person|Organization|Service|ProfessionalService|QAPage|Question|Answer|TechArticle|ImageObject|WebPage|BreadcrumbList|ListItem,2026-06-21T03:13:01.385Z,2026-05-05T03:02:30.907Z,"index, follow, max-snippet:-1, max-image-preview:large",,true,2,false,10,,0,text/html; charset=utf-8,255,147997,0464f52abc12
https://pulserevops.com/knowledge/q1734,knowledge,200,Indexable,,1,What is Outreach AI strategy in 2027?,"Outreach's 2027 AI strategy stacks on three pillars: (1) Smart Email Assist as the consumption-priced AI workhorse for outbound personalization, (2) Kaia…",What is Outreach AI strategy in 2027?,1,20,2211,5307,4,2,0,42,25,0,https://pulserevops.com/knowledge/q1734,0,Person|Organization|Service|ProfessionalService|QAPage|Question|Answer|TechArticle|ImageObject|WebPage|BreadcrumbList|ListItem,2026-06-21T03:12:59.842Z,2026-05-05T03:02:30.575Z,"index, follow, max-snippet:-1, max-image-preview:large",,true,2,false,10,,0,text/html; charset=utf-8,254,145487,952c6bafd5a0
https://pulserevops.com/knowledge/q1733,knowledge,200,Indexable,,1,Can Outreach keep growing 20%+ into 2027?,Probably yes — but only if four specific conditions hold simultaneously through FY27. The base case is 18-22% growth (a stretch from the FY25 estimated…,Can Outreach keep growing 20%+ into 2027?,1,21,2281,5293,4,2,0,40,23,0,https://pulserevops.com/knowledge/q1733,0,Person|Organization|Service|ProfessionalService|QAPage|Question|Answer|TechArticle|ImageObject|WebPage|BreadcrumbList|ListItem,2026-06-21T03:12:58.039Z,2026-05-05T03:02:30.257Z,"index, follow, max-snippet:-1, max-image-preview:large",,true,2,false,10,,0,text/html; charset=utf-8,268,144206,a3d929ae6002
https://pulserevops.com/knowledge/q1732,knowledge,200,Indexable,,1,Why did Outreach growth slow in 2024-25?,Outreach growth slowed from 50%+ in 2021-22 to an estimated 15-25% by 2024-25 because four things hit at once: (1) the SaaS recession compressed…,Why did Outreach growth slow in 2024-25?,1,21,2274,5328,4,2,0,44,23,0,https://pulserevops.com/knowledge/q1732,0,Person|Organization|Service|ProfessionalService|QAPage|Question|Answer|TechArticle|ImageObject|WebPage|BreadcrumbList|ListItem,2026-06-21T03:12:56.677Z,2026-05-05T03:02:29.956Z,"index, follow, max-snippet:-1, max-image-preview:large",,true,2,false,10,,0,text/html; charset=utf-8,256,145242,417f3bc4591b
https://pulserevops.com/knowledge/q1731,knowledge,200,Indexable,,1,Is Outreach worth buying in 2027?,"Buying Outreach in 2027 is the right call IF you're (a) Salesforce-CRM, (b) >150 reps in pipeline-driven sales motion, (c) willing to commit to 3-yr contract…",Is Outreach worth buying in 2027?,1,18,796,4887,4,2,0,44,25,0,https://pulserevops.com/knowledge/q1731,0,Person|Organization|Service|ProfessionalService|QAPage|Question|Answer|TechArticle|ImageObject|WebPage|BreadcrumbList|ListItem,2026-06-21T03:17:42.776Z,2026-05-05T03:02:29.670Z,"index, follow, max-snippet:-1, max-image-preview:large",,true,2,false,10,,0,text/html; charset=utf-8,271,142735,5f848ea2756f
https://pulserevops.com/knowledge/q1730,knowledge,200,Indexable,,1,Will Outreach beat Salesloft in sales engagement by 2027?,Maybe — but the bigger story is that the sales engagement category is consolidating into Outreach and Salesloft both losing ground to bundled alternatives by…,Will Outreach beat Salesloft in sales engagement by 2027?,1,21,2296,5399,4,2,0,39,21,0,https://pulserevops.com/knowledge/q1730,0,Person|Organization|Service|ProfessionalService|QAPage|Question|Answer|TechArticle|ImageObject|WebPage|BreadcrumbList|ListItem,2026-06-21T03:12:52.841Z,2026-05-05T03:02:29.396Z,"index, follow, max-snippet:-1, max-image-preview:large",,true,2,false,10,,0,text/html; charset=utf-8,337,146702,d637b45f3329
https://pulserevops.com/knowledge/q1729,knowledge,200,Indexable,,1,How does Outreach hit its 2027 revenue target?,Getting Outreach from estimated $400-500M ARR (FY26) to $700-900M run-rate by FY27 needs $250-400M of NEW ARR — roughly $130-200M/yr for two years. The four…,How does Outreach hit its 2027 revenue target?,1,22,2174,5035,4,2,0,42,21,0,https://pulserevops.com/knowledge/q1729,0,Person|Organization|Service|ProfessionalService|QAPage|Question|Answer|TechArticle|ImageObject|WebPage|BreadcrumbList|ListItem,2026-06-21T03:17:40.591Z,2026-05-05T03:02:29.114Z,"index, follow, max-snippet:-1, max-image-preview:large",,true,2,false,10,,0,text/html; charset=utf-8,253,143932,6525f56d0ca3
https://pulserevops.com/knowledge/q1728,knowledge,200,Indexable,,1,What is Datadog playbook for the next $5B in revenue?,Getting Datadog from $3.4B (FY26 guide) to $8.4B run-rate by FY29 needs $5B in NEW ARR — roughly $1.5-2B per year over three years on top of normal…,What is Datadog playbook for the next $5B in revenue?,1,21,2129,5316,4,2,0,40,21,0,https://pulserevops.com/knowledge/q1728,0,Person|Organization|Service|ProfessionalService|QAPage|Question|Answer|TechArticle|ImageObject|WebPage|BreadcrumbList|ListItem,2026-06-21T03:17:38.274Z,2026-05-05T03:02:28.466Z,"index, follow, max-snippet:-1, max-image-preview:large",,true,2,false,10,,0,text/html; charset=utf-8,276,144597,8596e3b94693
https://pulserevops.com/knowledge/q1727,knowledge,200,Indexable,,1,How does Datadog retain CRO talent in 2027?,"Datadog cant out-equity-pay early-stage AI-native CROs (Sierra, Decagon, Glean, Helicone) because those companies offer 0.5-2% pre-IPO equity that maps to…",How does Datadog retain CRO talent in 2027?,1,18,2173,5140,6,2,0,43,22,0,https://pulserevops.com/knowledge/q1727,0,Person|Organization|Service|ProfessionalService|QAPage|Question|Answer|TechArticle|ImageObject|WebPage|BreadcrumbList|ListItem,2026-06-21T03:17:36.015Z,2026-05-05T03:02:28.188Z,"index, follow, max-snippet:-1, max-image-preview:large",,true,2,true,10,,0,text/html; charset=utf-8,274,142187,e67d397a134d
https://pulserevops.com/knowledge/q1725,knowledge,200,Indexable,,1,Should Datadog launch its own AI agent marketplace?,"No standalone agent marketplace — extend the existing Datadog Marketplace + Integration ecosystem with first-class AI agent listings, agent-pricing…",Should Datadog launch its own AI agent marketplace?,1,17,2245,5320,4,2,0,42,21,0,https://pulserevops.com/knowledge/q1725,0,Person|Organization|Service|ProfessionalService|QAPage|Question|Answer|TechArticle|ImageObject|WebPage|BreadcrumbList|ListItem,2026-06-21T03:17:31.146Z,2026-05-05T03:02:27.591Z,"index, follow, max-snippet:-1, max-image-preview:large",,true,2,false,10,,0,text/html; charset=utf-8,250,145812,3fe176de1d16
https://pulserevops.com/knowledge/q1726,knowledge,200,Indexable,,1,What is Datadog developer-platform strategy through 2027?,Datadog has not historically positioned as a developer platform — it is an observability product with API access. The 2027 strategy quietly evolves toward…,What is Datadog developer-platform strategy through 2027?,1,18,2074,5049,4,2,0,42,21,0,https://pulserevops.com/knowledge/q1726,0,Person|Organization|Service|ProfessionalService|QAPage|Question|Answer|TechArticle|ImageObject|WebPage|BreadcrumbList|ListItem,2026-06-21T03:17:33.723Z,2026-05-05T03:02:27.891Z,"index, follow, max-snippet:-1, max-image-preview:large",,true,2,false,10,,0,text/html; charset=utf-8,452,143496,de1225c2a8da
https://pulserevops.com/knowledge/q1724,knowledge,200,Indexable,,1,How should Datadog price Bits AI against Microsoft Copilot in…,Datadog should NOT compete on per-user price against Microsoft Copilot for Security ($30/user/mo bundled in M365 E5). The structural mismatch is brutal —…,How should Datadog price Bits AI against Microsoft Copilot in 2027?,1,17,2110,5056,4,2,0,42,21,0,https://pulserevops.com/knowledge/q1724,0,Person|Organization|Service|ProfessionalService|QAPage|Question|Answer|TechArticle|ImageObject|WebPage|BreadcrumbList|ListItem,2026-06-21T03:17:28.856Z,2026-05-05T03:02:27.278Z,"index, follow, max-snippet:-1, max-image-preview:large",,true,2,false,10,,0,text/html; charset=utf-8,250,142773,52a0b1e0a478
https://pulserevops.com/knowledge/q1722,knowledge,200,Indexable,,1,How does Datadog onboarding compare to Splunk?,Datadog wins onboarding speed by a wide margin — first metric flowing in 15 minutes vs Splunk Enterprise installer + indexer + search head architecture that…,How does Datadog onboarding compare to Splunk?,1,19,2215,5269,4,2,0,42,21,0,https://pulserevops.com/knowledge/q1722,0,Person|Organization|Service|ProfessionalService|QAPage|Question|Answer|TechArticle|ImageObject|WebPage|BreadcrumbList|ListItem,2026-06-21T03:17:24.180Z,2026-05-05T03:02:26.709Z,"index, follow, max-snippet:-1, max-image-preview:large",,true,2,false,10,,0,text/html; charset=utf-8,237,145508,33873d57b49d
https://pulserevops.com/knowledge/q1721,knowledge,200,Indexable,,1,Is Datadog mobile app good enough in 2027?,The Datadog mobile app is functional but not a competitive moat — adequate for on-call alert acknowledgment + dashboard glances + Bits AI summary reading…,Is Datadog mobile app good enough in 2027?,1,17,2016,4934,4,2,0,41,21,0,https://pulserevops.com/knowledge/q1721,0,Person|Organization|Service|ProfessionalService|QAPage|Question|Answer|TechArticle|ImageObject|WebPage|BreadcrumbList|ListItem,2026-06-21T03:17:21.856Z,2026-05-05T03:02:26.409Z,"index, follow, max-snippet:-1, max-image-preview:large",,true,2,false,10,,0,text/html; charset=utf-8,277,141087,8089b5736c3b
https://pulserevops.com/knowledge/q1723,knowledge,200,Indexable,,1,What does Datadog churn math look like under AI pressure?,"Datadog churn math has three buckets: logo churn (2-3% historically), downsell from cloud-spend optimization (the 2023 wave that compressed NRR from 130% to…",What does Datadog churn math look like under AI pressure?,1,19,684,5181,4,2,0,44,21,0,https://pulserevops.com/knowledge/q1723,0,Person|Organization|Service|ProfessionalService|QAPage|Question|Answer|TechArticle|ImageObject|WebPage|BreadcrumbList|ListItem,2026-06-21T03:17:26.525Z,2026-05-05T03:02:26.997Z,"index, follow, max-snippet:-1, max-image-preview:large",,true,2,false,10,,0,text/html; charset=utf-8,407,144472,3dd79b68082d
https://pulserevops.com/knowledge/q1720,knowledge,200,Indexable,,1,How does Datadog API strategy compare to Splunk?,"Datadog wins on developer ergonomics + breadth (10 native SDKs, OpenTelemetry-native intake, consistent REST surface across 30+ products). Splunk wins on…",How does Datadog API strategy compare to Splunk?,1,23,2304,5447,4,2,0,43,21,0,https://pulserevops.com/knowledge/q1720,0,Person|Organization|Service|ProfessionalService|QAPage|Question|Answer|TechArticle|ImageObject|WebPage|BreadcrumbList|ListItem,2026-06-21T03:17:19.345Z,2026-05-05T03:02:26.131Z,"index, follow, max-snippet:-1, max-image-preview:large",,true,2,false,10,,0,text/html; charset=utf-8,256,147312,06fc217cc12e
https://pulserevops.com/knowledge/q1719,knowledge,200,Indexable,,1,What is the bull case for Datadog 2027?,"The bull case for Datadog 2027 in one frame: Bits AI consumption breaks out as a $300-500M revenue line, Cloud SIEM crosses 10% of total revenue at $400M+…",What is the bull case for Datadog 2027?,1,19,2074,5025,4,2,0,42,21,0,https://pulserevops.com/knowledge/q1719,0,Person|Organization|Service|ProfessionalService|QAPage|Question|Answer|TechArticle|ImageObject|WebPage|BreadcrumbList|ListItem,2026-06-21T03:17:16.996Z,2026-05-05T03:02:25.713Z,"index, follow, max-snippet:-1, max-image-preview:large",,true,2,false,10,,0,text/html; charset=utf-8,257,141878,18fda5c42672
https://pulserevops.com/knowledge/q1717,knowledge,200,Indexable,,1,Should Datadog acquire Grafana to compete against open-source?,"No — Grafana Labs would cost $5-8B+ at post-2025 secondary valuations, and the strategic move (capture open-source observability mindshare) does not survive…",Should Datadog acquire Grafana to compete against open-source?,1,20,2201,5224,4,2,0,43,21,0,https://pulserevops.com/knowledge/q1717,0,Person|Organization|Service|ProfessionalService|QAPage|Question|Answer|TechArticle|ImageObject|WebPage|BreadcrumbList|ListItem,2026-06-21T03:17:11.076Z,2026-05-05T03:02:24.933Z,"index, follow, max-snippet:-1, max-image-preview:large",,true,2,false,10,,0,text/html; charset=utf-8,235,144592,25dfb089d6d6
https://pulserevops.com/knowledge/q1718,knowledge,200,Indexable,,1,What is the bear case for Datadog 2027?,"The bear case for Datadog 2027 in one frame: cloud-spend optimization second wave compresses consumption revenue, Microsoft Sentinel + Azure Monitor bundle…",What is the bear case for Datadog 2027?,1,21,755,5158,4,2,0,43,21,0,https://pulserevops.com/knowledge/q1718,0,Person|Organization|Service|ProfessionalService|QAPage|Question|Answer|TechArticle|ImageObject|WebPage|BreadcrumbList|ListItem,2026-06-21T03:17:14.553Z,2026-05-05T03:02:25.389Z,"index, follow, max-snippet:-1, max-image-preview:large",,true,2,false,10,,0,text/html; charset=utf-8,358,144534,d98906000e28
https://pulserevops.com/knowledge/q1715,knowledge,200,Indexable,,1,What is Datadog M&A strategy through 2028?,/DataDog-solution-diagram.7cf704534940c0431f3ce7b025b577084312c19e.png),What is Datadog M&A strategy through 2028?,1,17,2050,5465,4,2,0,43,18,0,https://pulserevops.com/knowledge/q1715,0,Person|Organization|Service|ProfessionalService|QAPage|Question|Answer|TechArticle|ImageObject|WebPage|BreadcrumbList|ListItem,2026-06-21T03:16:16.668Z,2026-05-13T04:52:31.163Z,"index, follow, max-snippet:-1, max-image-preview:large",,true,2,false,10,,0,text/html; charset=utf-8,316,147977,da3fc776e56b
https://pulserevops.com/knowledge/q1714,knowledge,200,Indexable,,1,Should Datadog sell to private equity?,Whether Datadog should sell to private equity depends on its long-term growth trajectory and shareholder priorities. As a public company with strong…,Should Datadog sell to private equity?,1,14,2262,5268,4,2,0,42,16,0,https://pulserevops.com/knowledge/q1714,0,Person|Organization|Service|ProfessionalService|QAPage|Question|Answer|TechArticle|ImageObject|WebPage|BreadcrumbList|ListItem,2026-06-21T03:16:15.291Z,2026-05-13T04:53:58.518Z,"index, follow, max-snippet:-1, max-image-preview:large",,true,2,false,10,,0,text/html; charset=utf-8,274,144122,5ed4bdca2a7e
https://pulserevops.com/knowledge/q1713,knowledge,200,Indexable,,1,What is Datadog's right org structure in 2027?,"Datadog's organizational structure in 2027 is not publicly disclosed in detail, but it typically follows a functional and product-aligned model with…",What is Datadog's right org structure in 2027?,1,14,2192,5214,4,2,0,43,16,0,https://pulserevops.com/knowledge/q1713,0,Person|Organization|Service|ProfessionalService|QAPage|Question|Answer|TechArticle|ImageObject|WebPage|BreadcrumbList|ListItem,2026-06-21T03:16:14.017Z,2026-05-13T04:55:17.590Z,"index, follow, max-snippet:-1, max-image-preview:large",,true,2,false,10,,0,text/html; charset=utf-8,255,144842,03f95574adf9
https://pulserevops.com/knowledge/q1712,knowledge,200,Indexable,,1,How does Datadog protect ARPU from churn in a recession?,"Datadog protects ARPU from churn during a recession by focusing on value-based pricing and usage optimization, helping existing customers reduce waste rather…",How does Datadog protect ARPU from churn in a recession?,1,16,1859,5367,4,2,0,44,16,0,https://pulserevops.com/knowledge/q1712,0,Person|Organization|Service|ProfessionalService|QAPage|Question|Answer|TechArticle|ImageObject|WebPage|BreadcrumbList|ListItem,2026-06-21T03:16:12.461Z,2026-05-13T04:56:32.483Z,"index, follow, max-snippet:-1, max-image-preview:large",,true,2,false,10,,0,text/html; charset=utf-8,255,146166,e71c03ed8e1a
https://pulserevops.com/knowledge/q1716,knowledge,200,Indexable,,1,Should Datadog acquire Honeycomb to win observability?,"No — Honeycomb's $200-400M valuation is fair, the team is excellent, but the strategic fit is weak. Datadog already wins what Honeycomb wins (cloud-native…",Should Datadog acquire Honeycomb to win observability?,1,20,368,5005,4,2,0,41,21,0,https://pulserevops.com/knowledge/q1716,0,Person|Organization|Service|ProfessionalService|QAPage|Question|Answer|TechArticle|ImageObject|WebPage|BreadcrumbList|ListItem,2026-06-21T03:17:08.675Z,2026-05-05T03:02:24.647Z,"index, follow, max-snippet:-1, max-image-preview:large",,true,2,false,10,,0,text/html; charset=utf-8,356,143928,8f440e87d764
https://pulserevops.com/knowledge/q1711,knowledge,200,Indexable,,1,Should Datadog pivot from agent-based to agentless?,"No, Datadog should not pivot entirely from agent-based to agentless monitoring. Agent-based collection provides deeper, more granular data and real-time…",Should Datadog pivot from agent-based to agentless?,1,13,2243,5370,4,2,0,41,16,0,https://pulserevops.com/knowledge/q1711,0,Person|Organization|Service|ProfessionalService|QAPage|Question|Answer|TechArticle|ImageObject|WebPage|BreadcrumbList|ListItem,2026-06-21T03:16:11.238Z,2026-05-13T04:57:50.806Z,"index, follow, max-snippet:-1, max-image-preview:large",,true,2,false,10,,0,text/html; charset=utf-8,259,146752,bcfc93abcafd
https://pulserevops.com/knowledge/q1709,knowledge,200,Indexable,,1,How should Datadog rethink its observability thesis for AI…,"Datadog should shift its observability thesis from monitoring traditional application performance to providing real-time, model-centric visibility into AI…",How should Datadog rethink its observability thesis for AI buyers?,1,13,2188,5403,4,2,0,44,18,0,https://pulserevops.com/knowledge/q1709,0,Person|Organization|Service|ProfessionalService|QAPage|Question|Answer|TechArticle|ImageObject|WebPage|BreadcrumbList|ListItem,2026-06-21T03:16:08.649Z,2026-05-13T05:00:32.984Z,"index, follow, max-snippet:-1, max-image-preview:large",,true,2,false,10,,0,text/html; charset=utf-8,279,145384,e0e320694511
https://pulserevops.com/knowledge/q1710,knowledge,200,Indexable,,1,What replaces traditional monitoring if AI agents handle…,"If AI agents take over telemetry triage, traditional monitoring is replaced by a shift-left observability strategy where raw telemetry is pre-processed and…",What replaces traditional monitoring if AI agents handle telemetry triage?,1,17,2310,5437,4,2,0,42,16,0,https://pulserevops.com/knowledge/q1710,0,Person|Organization|Service|ProfessionalService|QAPage|Question|Answer|TechArticle|ImageObject|WebPage|BreadcrumbList|ListItem,2026-06-21T03:16:09.973Z,2026-05-13T04:59:13.918Z,"index, follow, max-snippet:-1, max-image-preview:large",,true,2,false,10,,0,text/html; charset=utf-8,303,147465,c14de6183a52
https://pulserevops.com/knowledge/q1708,knowledge,200,Indexable,,1,What is Datadog enterprise win-rate vs Splunk in 2026?,"Datadog’s enterprise win-rate against Splunk in 2026 is not publicly disclosed by either company, but industry analysts estimate it falls in a competitive…",What is Datadog enterprise win-rate vs Splunk in 2026?,1,17,2294,5297,4,2,0,42,16,0,https://pulserevops.com/knowledge/q1708,0,Person|Organization|Service|ProfessionalService|QAPage|Question|Answer|TechArticle|ImageObject|WebPage|BreadcrumbList|ListItem,2026-06-21T03:16:06.757Z,2026-05-13T05:01:51.962Z,"index, follow, max-snippet:-1, max-image-preview:large",,true,2,false,10,,0,text/html; charset=utf-8,268,147789,df70b8ba7b39
https://pulserevops.com/knowledge/q1707,knowledge,200,Indexable,,1,Is Datadog pricing model broken at the bottom?,"Yes, Datadog’s pricing model can feel broken for small or early-stage users, because costs often spike unpredictably with even modest increases in host…",Is Datadog pricing model broken at the bottom?,1,15,1732,5184,4,2,0,43,16,0,https://pulserevops.com/knowledge/q1707,0,Person|Organization|Service|ProfessionalService|QAPage|Question|Answer|TechArticle|ImageObject|WebPage|BreadcrumbList|ListItem,2026-06-21T03:15:38.751Z,2026-05-13T05:03:21.479Z,"index, follow, max-snippet:-1, max-image-preview:large",,true,2,false,10,,0,text/html; charset=utf-8,265,143221,96a61104134b
https://pulserevops.com/knowledge/q1706,knowledge,200,Indexable,,1,How does Datadog pay its sales team?,"Datadog pays its sales team a combination of base salary and variable commission, with the mix heavily weighted toward performance-based compensation. For…",How does Datadog pay its sales team?,1,16,2057,5269,4,2,0,43,16,0,https://pulserevops.com/knowledge/q1706,0,Person|Organization|Service|ProfessionalService|QAPage|Question|Answer|TechArticle|ImageObject|WebPage|BreadcrumbList|ListItem,2026-06-21T03:15:36.477Z,2026-05-13T05:04:37.232Z,"index, follow, max-snippet:-1, max-image-preview:large",,true,2,false,10,,0,text/html; charset=utf-8,243,145495,39f725083dff
https://pulserevops.com/knowledge/q1705,knowledge,200,Indexable,,1,Will Datadog AEs hit quota in 2027?,"It is not possible to predict with certainty whether Datadog AEs will hit quota in 2027, as quota attainment depends on future market conditions, product…",Will Datadog AEs hit quota in 2027?,1,13,2111,5062,4,2,0,45,16,0,https://pulserevops.com/knowledge/q1705,0,Person|Organization|Service|ProfessionalService|QAPage|Question|Answer|TechArticle|ImageObject|WebPage|BreadcrumbList|ListItem,2026-06-21T03:15:34.223Z,2026-05-13T05:05:49.609Z,"index, follow, max-snippet:-1, max-image-preview:large",,true,2,false,10,,0,text/html; charset=utf-8,279,143640,49a3e529402d
https://pulserevops.com/knowledge/q1704,knowledge,200,Indexable,,1,What is Datadog RevOps career path?,"The Datadog RevOps career path typically progresses from roles like Revenue Operations Analyst or Associate to Manager, then Senior Manager, Director, and…",What is Datadog RevOps career path?,1,13,2151,5137,4,2,0,42,16,0,https://pulserevops.com/knowledge/q1704,0,Person|Organization|Service|ProfessionalService|QAPage|Question|Answer|TechArticle|ImageObject|WebPage|BreadcrumbList|ListItem,2026-06-21T03:15:32.135Z,2026-05-13T05:07:11.550Z,"index, follow, max-snippet:-1, max-image-preview:large",,true,2,false,10,,0,text/html; charset=utf-8,259,147309,d24a191a2f60
https://pulserevops.com/knowledge/q1702,knowledge,200,Indexable,,1,Should I learn Datadog or Splunk in 2027?,The choice between Datadog and Splunk in 2027 depends on your career goals and the environments you work in. Datadog is generally more accessible for…,Should I learn Datadog or Splunk in 2027?,1,14,2155,5127,4,2,0,41,16,0,https://pulserevops.com/knowledge/q1702,0,Person|Organization|Service|ProfessionalService|QAPage|Question|Answer|TechArticle|ImageObject|WebPage|BreadcrumbList|ListItem,2026-06-21T03:15:28.192Z,2026-05-13T05:09:43.326Z,"index, follow, max-snippet:-1, max-image-preview:large",,true,2,false,10,,0,text/html; charset=utf-8,268,144905,7f09068cced0
https://pulserevops.com/knowledge/q1703,knowledge,200,Indexable,,1,Is Datadog certification worth it in 2027?,"Yes, a Datadog certification can be worth it in 2027 if you work in cloud monitoring, DevOps, or SRE roles, as it validates specialized skills in a platform…",Is Datadog certification worth it in 2027?,1,15,2226,5316,4,2,0,43,16,0,https://pulserevops.com/knowledge/q1703,0,Person|Organization|Service|ProfessionalService|QAPage|Question|Answer|TechArticle|ImageObject|WebPage|BreadcrumbList|ListItem,2026-06-21T03:15:29.701Z,2026-05-13T05:08:25.345Z,"index, follow, max-snippet:-1, max-image-preview:large",,true,2,false,10,,0,text/html; charset=utf-8,280,145269,c7f19685bd84
https://pulserevops.com/knowledge/q1701,knowledge,200,Indexable,,1,Is a Datadog AE role still good for my career in 2027?,"Yes, a Datadog AE role remains a strong career move in 2027, offering exposure to a high-growth observability market and a proven sales methodology. However…",Is a Datadog AE role still good for my career in 2027?,1,14,2178,5173,4,2,0,42,16,0,https://pulserevops.com/knowledge/q1701,0,Person|Organization|Service|ProfessionalService|QAPage|Question|Answer|TechArticle|ImageObject|WebPage|BreadcrumbList|ListItem,2026-06-21T03:15:26.189Z,2026-05-13T05:10:52.636Z,"index, follow, max-snippet:-1, max-image-preview:large",,true,2,false,10,,0,text/html; charset=utf-8,269,142852,0d939ee86b53
https://pulserevops.com/knowledge/q1700,knowledge,200,Indexable,,1,Should I work for Datadog in 2027?,"Working at Datadog in 2027 could offer strong compensation and growth in observability and cloud monitoring, but expect intense engineering culture and…",Should I work for Datadog in 2027?,1,13,2157,5124,4,2,0,41,16,0,https://pulserevops.com/knowledge/q1700,0,Person|Organization|Service|ProfessionalService|QAPage|Question|Answer|TechArticle|ImageObject|WebPage|BreadcrumbList|ListItem,2026-06-21T03:15:23.488Z,2026-05-13T05:12:29.719Z,"index, follow, max-snippet:-1, max-image-preview:large",,true,2,false,10,,0,text/html; charset=utf-8,263,142423,fbcac86eca40
https://pulserevops.com/knowledge/q1699,knowledge,200,Indexable,,1,What does Datadog's 2025 RIF tell us about 2027?,"Datadog's 2025 reduction in force signals a strategic pivot toward operational efficiency and AI-driven products, likely positioning the company for leaner…",What does Datadog's 2025 RIF tell us about 2027?,1,14,2099,5010,4,2,0,42,16,0,https://pulserevops.com/knowledge/q1699,0,Person|Organization|Service|ProfessionalService|QAPage|Question|Answer|TechArticle|ImageObject|WebPage|BreadcrumbList|ListItem,2026-06-21T03:15:22.147Z,2026-05-13T05:13:41.863Z,"index, follow, max-snippet:-1, max-image-preview:large",,true,2,false,10,,0,text/html; charset=utf-8,233,143081,9d006d9c2a4a
https://pulserevops.com/knowledge/q1697,knowledge,200,Indexable,,1,How does Datadog defend its Marketplace ecosystem?,"Datadog defends its Marketplace ecosystem through a rigorous review process that requires all integrations to meet strict security, reliability, and…",How does Datadog defend its Marketplace ecosystem?,1,17,2249,5391,4,2,0,42,16,0,https://pulserevops.com/knowledge/q1697,0,Person|Organization|Service|ProfessionalService|QAPage|Question|Answer|TechArticle|ImageObject|WebPage|BreadcrumbList|ListItem,2026-06-21T03:15:19.453Z,2026-05-13T05:16:04.940Z,"index, follow, max-snippet:-1, max-image-preview:large",,true,2,false,10,,0,text/html; charset=utf-8,254,148777,7d8872f1c3cd
https://pulserevops.com/knowledge/q1696,knowledge,200,Indexable,,1,What is Datadog data-center strategy through 2027?,"Datadog’s data-center strategy through 2027 focuses on expanding its global cloud infrastructure footprint, primarily through partnerships with major…",What is Datadog data-center strategy through 2027?,1,13,2436,5757,4,2,0,41,16,0,https://pulserevops.com/knowledge/q1696,0,Person|Organization|Service|ProfessionalService|QAPage|Question|Answer|TechArticle|ImageObject|WebPage|BreadcrumbList|ListItem,2026-06-21T03:15:17.993Z,2026-05-13T05:17:22.817Z,"index, follow, max-snippet:-1, max-image-preview:large",,true,2,false,10,,0,text/html; charset=utf-8,275,148377,579f0f43f44f
https://pulserevops.com/knowledge/q1698,knowledge,200,Indexable,,1,Why is Datadog losing engineering talent to AI-native…,Datadog is losing engineering talent to AI-native competitors because those companies offer engineers the chance to work on cutting-edge problems like large…,Why is Datadog losing engineering talent to AI-native competitors?,1,16,2330,5516,4,2,0,43,16,0,https://pulserevops.com/knowledge/q1698,0,Person|Organization|Service|ProfessionalService|QAPage|Question|Answer|TechArticle|ImageObject|WebPage|BreadcrumbList|ListItem,2026-06-21T03:15:20.727Z,2026-05-13T05:14:55.460Z,"index, follow, max-snippet:-1, max-image-preview:large",,true,2,false,10,,0,text/html; charset=utf-8,335,147199,d13509efdb8f
https://pulserevops.com/knowledge/q1695,knowledge,200,Indexable,,1,Should Datadog kill its Real User Monitoring module?,"Datadog should not kill its Real User Monitoring (RUM) module, as it remains a core differentiator for frontend observability and user experience analysis…",Should Datadog kill its Real User Monitoring module?,1,15,2112,5267,4,2,0,43,16,0,https://pulserevops.com/knowledge/q1695,0,Person|Organization|Service|ProfessionalService|QAPage|Question|Answer|TechArticle|ImageObject|WebPage|BreadcrumbList|ListItem,2026-06-21T03:15:16.636Z,2026-05-13T05:18:49.171Z,"index, follow, max-snippet:-1, max-image-preview:large",,true,2,false,10,,0,text/html; charset=utf-8,281,144413,db13f0cb2859
https://pulserevops.com/knowledge/q1694,knowledge,200,Indexable,,1,Is Datadog Logs still strategic in 2027?,"YES — Datadog Logs is MORE strategic in 2027 than it was in 2024, not less. Logs has quietly become the data plane that makes the entire Datadog AI plane…",Is Datadog Logs still strategic in 2027?,1,17,2253,5356,4,2,0,42,21,0,https://pulserevops.com/knowledge/q1694,0,Person|Organization|Service|ProfessionalService|QAPage|Question|Answer|TechArticle|ImageObject|WebPage|BreadcrumbList|ListItem,2026-06-21T03:17:06.148Z,2026-05-05T03:02:18.149Z,"index, follow, max-snippet:-1, max-image-preview:large",,true,2,false,10,,0,text/html; charset=utf-8,244,144528,dc03408d01f3
https://pulserevops.com/knowledge/q1693,knowledge,200,Indexable,,1,How does Datadog ARPU change post-AI agent rollout?,"Datadog’s ARPU typically increases after an AI agent rollout, as customers adopt higher-tier plans to access advanced observability, security, and AI-powered…",How does Datadog ARPU change post-AI agent rollout?,1,13,2540,5733,4,2,0,41,16,0,https://pulserevops.com/knowledge/q1693,0,Person|Organization|Service|ProfessionalService|QAPage|Question|Answer|TechArticle|ImageObject|WebPage|BreadcrumbList|ListItem,2026-06-21T03:15:15.259Z,2026-05-13T05:20:01.735Z,"index, follow, max-snippet:-1, max-image-preview:large",,true,2,false,10,,0,text/html; charset=utf-8,255,147413,099f3a5f5e1a
https://pulserevops.com/knowledge/q1692,knowledge,200,Indexable,,1,Should Datadog launch a vertical-observability sub-brand?,"Datadog should not launch a vertical-observability sub-brand, as its current horizontal platform already serves multiple industries effectively without…",Should Datadog launch a vertical-observability sub-brand?,1,14,2251,5278,4,2,0,42,16,0,https://pulserevops.com/knowledge/q1692,0,Person|Organization|Service|ProfessionalService|QAPage|Question|Answer|TechArticle|ImageObject|WebPage|BreadcrumbList|ListItem,2026-06-21T03:15:13.277Z,2026-05-13T05:21:46.804Z,"index, follow, max-snippet:-1, max-image-preview:large",,true,2,false,10,,0,text/html; charset=utf-8,270,146972,1752b624c2f9
https://pulserevops.com/knowledge/q1691,knowledge,200,Indexable,,1,How does Datadog price Bits AI without cannibalizing core?,"Datadog prices Bits AI as an add-on per host per month, separate from its core infrastructure monitoring, APM, and log management tiers. This prevents…",How does Datadog price Bits AI without cannibalizing core?,1,14,1685,4922,4,2,0,42,16,0,https://pulserevops.com/knowledge/q1691,0,Person|Organization|Service|ProfessionalService|QAPage|Question|Answer|TechArticle|ImageObject|WebPage|BreadcrumbList|ListItem,2026-06-21T03:15:11.967Z,2026-05-13T05:22:59.547Z,"index, follow, max-snippet:-1, max-image-preview:large",,true,2,false,10,,0,text/html; charset=utf-8,298,141323,90a8247f2b40
https://pulserevops.com/knowledge/q1690,knowledge,200,Indexable,,1,Why did Datadog stock drop after Bits AI launch?,"Datadog’s stock dropped after the Bits AI launch primarily because the announcement did not include immediate revenue or margin upside, and investors may…",Why did Datadog stock drop after Bits AI launch?,1,13,2080,4984,4,2,0,41,16,0,https://pulserevops.com/knowledge/q1690,0,Person|Organization|Service|ProfessionalService|QAPage|Question|Answer|TechArticle|ImageObject|WebPage|BreadcrumbList|ListItem,2026-06-21T03:15:10.648Z,2026-05-13T05:24:07.851Z,"index, follow, max-snippet:-1, max-image-preview:large",,true,2,false,10,,0,text/html; charset=utf-8,283,142170,6b68a55eef76
https://pulserevops.com/knowledge/q1689,knowledge,200,Indexable,,1,What is Datadog competitive moat against New Relic + Dynatrace?,"Datadog’s competitive moat lies in its broad, integrated observability platform that covers infrastructure, application performance, logs, and security in a…",What is Datadog competitive moat against New Relic + Dynatrace?,1,14,2182,5207,4,2,0,44,16,0,https://pulserevops.com/knowledge/q1689,0,Person|Organization|Service|ProfessionalService|QAPage|Question|Answer|TechArticle|ImageObject|WebPage|BreadcrumbList|ListItem,2026-06-21T03:15:09.278Z,2026-05-13T05:25:29.136Z,"index, follow, max-snippet:-1, max-image-preview:large",,true,2,false,10,,0,text/html; charset=utf-8,257,145262,4fad1bcdcea1
https://pulserevops.com/knowledge/q1688,knowledge,200,Indexable,,1,Should Datadog acquire a Loom-equivalent in 2027?,"No — Datadog should not acquire a Loom-equivalent in 2027. The Atlassian-Loom $975M deal from October 2023 is the cautionary tale: two years post-close, Loom…",Should Datadog acquire a Loom-equivalent in 2027?,1,17,2197,5119,4,2,0,42,21,0,https://pulserevops.com/knowledge/q1688,0,Person|Organization|Service|ProfessionalService|QAPage|Question|Answer|TechArticle|ImageObject|WebPage|BreadcrumbList|ListItem,2026-06-21T03:17:04.192Z,2026-05-05T03:02:16.354Z,"index, follow, max-snippet:-1, max-image-preview:large",,true,2,false,10,,0,text/html; charset=utf-8,245,143861,721ab85fa328
https://pulserevops.com/pillars/deal-desk-architecture-scaled-governance,pillars,200,Non-Indexable,Canonicalised,1,Deal Desk Architecture: Founder Override to Scaled Governance | PULSE RevOps,"Deal desk is no longer optional infrastructure—it&#x27;s the control layer that separates SaaS companies with 115%+ NRR from those leaking 3–8% of potential revenue annually through uncontrolled discounting. In 2025, with median win rates at 19%",Deal Desk Architecture: Founder Override to Scaled Governance,1,4,,1436,,0,0,11,0,0,https://pulserevops.com/pillars/deal-desk-architecture-scaled-governance.html,0,TechArticle|Person|Organization|WebPage,2026-04-29,2026-04-29,"index, follow, max-snippet:-1, max-image-preview:large",,,,,,,0,text/html; charset=utf-8,61,24276,1d159cf84dec
https://pulserevops.com/knowledge/q1687,knowledge,200,Indexable,,1,What is Datadog gross margin trajectory through 2028?,"Datadog's gross margin has historically remained in the high 70% to low 80% range, driven by its cloud-based SaaS model. Looking ahead to 2028, analysts…",What is Datadog gross margin trajectory through 2028?,1,15,2188,5227,4,2,0,44,16,0,https://pulserevops.com/knowledge/q1687,0,Person|Organization|Service|ProfessionalService|QAPage|Question|Answer|TechArticle|ImageObject|WebPage|BreadcrumbList|ListItem,2026-06-21T03:15:07.886Z,2026-05-13T05:26:54.287Z,"index, follow, max-snippet:-1, max-image-preview:large",,true,2,false,10,,0,text/html; charset=utf-8,257,145181,b5de72358884
https://pulserevops.com/knowledge/q1686,knowledge,200,Indexable,,1,How does Datadog grow internationally without burning margin?,"Datadog grows internationally by investing in local sales and marketing teams only after achieving strong product-market fit in a region, typically through…",How does Datadog grow internationally without burning margin?,1,14,2082,4974,4,2,0,42,16,0,https://pulserevops.com/knowledge/q1686,0,Person|Organization|Service|ProfessionalService|QAPage|Question|Answer|TechArticle|ImageObject|WebPage|BreadcrumbList|ListItem,2026-06-21T03:15:06.451Z,2026-05-13T05:28:08.464Z,"index, follow, max-snippet:-1, max-image-preview:large",,true,2,false,10,,0,text/html; charset=utf-8,244,142553,dbc558ec1ae1
https://pulserevops.com/knowledge/q1685,knowledge,200,Indexable,,1,Is Datadog Cloud Cost Management worth buying?,YES if you're already running Datadog APM + Infra at scale — the marginal $1-3/host/month for Cloud Cost Management (CCM) is worth it because you get…,Is Datadog Cloud Cost Management worth buying?,1,18,1961,5285,4,2,0,43,13,0,https://pulserevops.com/knowledge/q1685,0,Person|Organization|Service|ProfessionalService|QAPage|Question|Answer|TechArticle|ImageObject|WebPage|BreadcrumbList|ListItem,2026-06-21T03:17:01.756Z,2026-05-05T03:02:15.438Z,"index, follow, max-snippet:-1, max-image-preview:large",,true,2,false,10,,0,text/html; charset=utf-8,258,143467,bffc5043f89b
https://pulserevops.com/pillars/discount-governance-full-stack,pillars,200,Non-Indexable,Canonicalised,1,The Full-Stack Discount Governance Playbook | PULSE RevOps,"The CRO's reference for discount governance — authority bands, comp-incentive alignment, CPQ enforcement, and when to tighten without killing win rate. Synthesized from 15+ library entries on pricing discipline.",The Full-Stack Discount Governance Playbook,1,8,,1062,,0,0,9,0,0,https://pulserevops.com/pillars/discount-governance-full-stack.html,0,TechArticle|Person|Organization|Dataset,2026-04-29,2026-04-29,"index, follow, max-snippet:-1, max-image-preview:large",,,,,,,0,text/html; charset=utf-8,173,18634,5edd04fec331
https://pulserevops.com/pillars/founder-led-sales-governance-stack,pillars,200,Non-Indexable,Canonicalised,1,Founder-Led Sales: The Governance Stack That Scales | PULSE RevOps,"The window between your first dollar of ARR and your first VP Sales hire is where most B2B SaaS companies permanently damage their revenue architecture. Pricing precedents get set informally, qualification lives in the founder&#x27;s head, and t",Founder-Led Sales: The Governance Stack That Scales,1,4,,1115,,0,0,8,0,0,https://pulserevops.com/pillars/founder-led-sales-governance-stack.html,0,TechArticle|Person|Organization|WebPage,2026-04-29,2026-04-29,"index, follow, max-snippet:-1, max-image-preview:large",,,,,,,0,text/html; charset=utf-8,152,19490,c2da76d63b53
https://pulserevops.com/knowledge/sk105,knowledge,200,Indexable,,1,Is Skill Drills worth it in 2027?,"It depends. Skill Drills can be worth it in 2027 if your team struggles with unstructured, low-volume sales practice, but it's not a universal fix for every…",Is Skill Drills worth it in 2027?,1,12,2255,5219,0,1,0,46,14,0,https://pulserevops.com/knowledge/sk105,0,Person|Organization|Service|ProfessionalService|QAPage|Question|Answer|TechArticle|ImageObject|WebPage|BreadcrumbList|ListItem,2026-07-12T02:44:06.495Z,2026-07-12T02:44:06.495Z,"index, follow, max-snippet:-1, max-image-preview:large",,true,2,false,10,,0,text/html; charset=utf-8,250,134218,45b2318fd399
https://pulserevops.com/knowledge/ga142,knowledge,200,Indexable,,1,Top 10 Gatherings strategies for 2027,"In 2027, successful gatherings will prioritize human connection over spectacle, leveraging technology to enhance rather than replace genuine interaction. The…",Top 10 Gatherings strategies for 2027,1,12,2097,4898,0,1,0,47,15,0,https://pulserevops.com/knowledge/ga142,0,Person|Organization|Service|ProfessionalService|QAPage|Question|Answer|TechArticle|ImageObject|WebPage|BreadcrumbList|ListItem,2026-07-12T02:38:08.409Z,2026-07-12T02:38:08.409Z,"index, follow, max-snippet:-1, max-image-preview:large",,true,2,false,10,,0,text/html; charset=utf-8,240,140451,64df1d851da2
https://pulserevops.com/knowledge/tl21661,knowledge,200,Indexable,,1,Top 10 Pulse Tools strategies for 2027,"Pulse tools—the strategic use of short, impactful communications and micro-interactions—are set to dominate RevOps in 2027 by increasing response rates…",Top 10 Pulse Tools strategies for 2027,1,11,2383,5352,0,2,0,46,13,0,https://pulserevops.com/knowledge/tl21661,0,Person|Organization|Service|ProfessionalService|QAPage|Question|Answer|TechArticle|ImageObject|WebPage|BreadcrumbList|ListItem,2026-07-12T02:37:05.354Z,2026-07-12T02:37:05.354Z,"index, follow, max-snippet:-1, max-image-preview:large",,true,2,false,10,,0,text/html; charset=utf-8,245,135967,8f201b2c659a
https://pulserevops.com/knowledge/es356,knowledge,200,Indexable,,1,What should you know before investing in Espresso in 2027?,"The espresso industry in 2027 is not just about the machine itself; it's about the entire ecosystem of accessories, maintenance, and consumables. Whether you…",What should you know before investing in Espresso in 2027?,1,10,2189,4997,0,1,0,50,15,0,https://pulserevops.com/knowledge/es356,0,Person|Organization|Service|ProfessionalService|QAPage|Question|Answer|TechArticle|ImageObject|WebPage|BreadcrumbList|ListItem,2026-07-12T02:32:35.145Z,2026-07-12T02:32:35.145Z,"index, follow, max-snippet:-1, max-image-preview:large",,true,2,false,10,,0,text/html; charset=utf-8,257,141026,b74ae6ada263
https://pulserevops.com/knowledge/cl160,knowledge,200,Indexable,,1,What should you know before investing in Cologne in 2027?,"Before diving in, it's crucial to recognize that cologne investing is not a passive endeavor. Success hinges on deep knowledge of fragrance families…",What should you know before investing in Cologne in 2027?,1,12,3010,6850,0,1,0,52,22,0,https://pulserevops.com/knowledge/cl160,0,Person|Organization|Service|ProfessionalService|QAPage|Question|Answer|TechArticle|ImageObject|WebPage|BreadcrumbList|ListItem,2026-07-12T02:27:16.124Z,2026-07-12T02:27:16.124Z,"index, follow, max-snippet:-1, max-image-preview:large",,true,2,false,10,,0,text/html; charset=utf-8,252,153286,df7654d52f03
https://pulserevops.com/knowledge/pt580,knowledge,200,Indexable,,1,Top 10 Pets strategies for 2027,"The pet industry is rapidly evolving, driven by humanization trends and a new generation of tech-savvy pet parents. To thrive in 2027, brands must move…",Top 10 Pets strategies for 2027,1,15,2340,5406,0,1,0,46,15,0,https://pulserevops.com/knowledge/pt580,0,Person|Organization|Service|ProfessionalService|QAPage|Question|Answer|TechArticle|ImageObject|WebPage|BreadcrumbList|ListItem,2026-07-12T02:23:56.483Z,2026-07-12T02:23:56.483Z,"index, follow, max-snippet:-1, max-image-preview:large",,true,2,false,10,,0,text/html; charset=utf-8,231,132163,03f43f2bd57f
https://pulserevops.com/knowledge/bt419,knowledge,200,Indexable,,1,What are the most common mistakes in Boats in 2027?,"The boating landscape has transformed significantly, and the mistakes that were common even a few years ago have evolved. While some classic errors like…",What are the most common mistakes in Boats in 2027?,1,11,2340,5504,0,1,0,49,15,0,https://pulserevops.com/knowledge/bt419,0,Person|Organization|Service|ProfessionalService|QAPage|Question|Answer|TechArticle|ImageObject|WebPage|BreadcrumbList|ListItem,2026-07-12T02:25:24.198Z,2026-07-12T02:25:24.198Z,"index, follow, max-snippet:-1, max-image-preview:large",,true,2,false,10,,0,text/html; charset=utf-8,277,141309,9f9a58b10c69
https://pulserevops.com/knowledge/bo343,knowledge,200,Indexable,,1,How much does Buildouts cost in 2027?,"In 2027, Buildouts continues to serve CRE landlords, brokers, and property managers with tools for lease administration, deal management, and property…",How much does Buildouts cost in 2027?,1,11,2076,4805,0,1,0,47,13,0,https://pulserevops.com/knowledge/bo343,0,Person|Organization|Service|ProfessionalService|QAPage|Question|Answer|TechArticle|ImageObject|WebPage|BreadcrumbList|ListItem,2026-07-12T02:16:09.221Z,2026-07-12T02:16:09.221Z,"index, follow, max-snippet:-1, max-image-preview:large",,true,2,false,10,,0,text/html; charset=utf-8,273,140776,8beb6a519f87
https://pulserevops.com/knowledge/rs288,knowledge,200,Indexable,,1,Top 10 Resorts strategies for 2027,"Resorts in 2027 must navigate a landscape where travelers demand unique, sustainable, and tech-enabled experiences that feel authentic and personalized. The…",Top 10 Resorts strategies for 2027,1,15,2838,6366,0,1,0,49,14,0,https://pulserevops.com/knowledge/rs288,0,Person|Organization|Service|ProfessionalService|QAPage|Question|Answer|TechArticle|ImageObject|WebPage|BreadcrumbList|ListItem,2026-07-12T02:14:04.872Z,2026-07-12T02:14:04.872Z,"index, follow, max-snippet:-1, max-image-preview:large",,true,2,false,10,,0,text/html; charset=utf-8,266,153120,9d3798e56e9d
https://pulserevops.com/knowledge/ev108,knowledge,200,Indexable,,1,Top 10 best Events options in 2027,"In 2027, the events landscape has shifted from isolated occurrences to continuous, data-rich engagement ecosystems. The leading platforms—such as Bizzabo…",Top 10 best Events options in 2027,1,14,2175,4972,0,1,0,49,15,0,https://pulserevops.com/knowledge/ev108,0,Person|Organization|Service|ProfessionalService|QAPage|Question|Answer|TechArticle|ImageObject|WebPage|BreadcrumbList|ListItem,2026-07-12T02:15:01.062Z,2026-07-12T02:15:01.062Z,"index, follow, max-snippet:-1, max-image-preview:large",,true,2,false,10,,0,text/html; charset=utf-8,350,140838,65eae4a930d7
https://pulserevops.com/knowledge/tv291,knowledge,200,Indexable,,1,What are the most common mistakes in TVs in 2027?,"It depends on the year's technological shifts, but the most common mistakes in TVs in 2027 revolve around over-investing in features that don't match…",What are the most common mistakes in TVs in 2027?,1,11,2582,5838,0,1,0,47,15,0,https://pulserevops.com/knowledge/tv291,0,Person|Organization|Service|ProfessionalService|QAPage|Question|Answer|TechArticle|ImageObject|WebPage|BreadcrumbList|ListItem,2026-07-12T02:09:13.145Z,2026-07-12T02:09:13.145Z,"index, follow, max-snippet:-1, max-image-preview:large",,true,2,false,10,,0,text/html; charset=utf-8,276,136003,64687db29dbe
https://pulserevops.com/knowledge/mv58,knowledge,200,Indexable,,1,What is the best way to approach Movies in 2027?,"The film industry in 2027 is a dynamic ecosystem where traditional theatrical releases coexist with direct-to-streaming premieres, immersive formats like 4DX…",What is the best way to approach Movies in 2027?,1,11,2326,5432,0,2,0,45,15,0,https://pulserevops.com/knowledge/mv58,0,Person|Organization|Service|ProfessionalService|QAPage|Question|Answer|TechArticle|ImageObject|WebPage|BreadcrumbList|ListItem,2026-07-12T02:10:34.768Z,2026-07-12T02:10:34.768Z,"index, follow, max-snippet:-1, max-image-preview:large",,true,2,false,10,,0,text/html; charset=utf-8,260,137316,fec604bb33a0
https://pulserevops.com/knowledge/gm70,knowledge,200,Indexable,,1,How do you get started with Gaming in 2027?,Getting started with gaming in 2027 is fundamentally about matching your ambitions to the right tools and community. The industry has evolved to offer…,How do you get started with Gaming in 2027?,1,11,2258,5263,0,1,0,49,15,0,https://pulserevops.com/knowledge/gm70,0,Person|Organization|Service|ProfessionalService|QAPage|Question|Answer|TechArticle|ImageObject|WebPage|BreadcrumbList|ListItem,2026-07-12T02:06:33.605Z,2026-07-12T02:06:33.605Z,"index, follow, max-snippet:-1, max-image-preview:large",,true,2,false,10,,0,text/html; charset=utf-8,264,141614,c4910291fe74
https://pulserevops.com/knowledge/q19008,knowledge,200,Indexable,,1,What should you know before investing in Q&A in 2027?,"The decision to invest in Q&A in 2027 is no longer a simple yes or no—it requires a strategic evaluation of your organization's data maturity, customer…",What should you know before investing in Q&A in 2027?,1,11,1959,4801,0,1,0,46,13,0,https://pulserevops.com/knowledge/q19008,0,Person|Organization|Service|ProfessionalService|QAPage|Question|Answer|TechArticle|ImageObject|WebPage|BreadcrumbList|ListItem,2026-07-12T01:56:20.321Z,2026-07-12T01:56:20.321Z,"index, follow, max-snippet:-1, max-image-preview:large",,true,2,false,10,,0,text/html; charset=utf-8,209,129812,eecdfe80883f
https://pulserevops.com/knowledge/ai445,knowledge,200,Indexable,,1,How much does AI Infra cost in 2027?,"It depends entirely on scale, performance requirements, and deployment model — from thousands of dollars for a single GPU workstation to hundreds of millions…",How much does AI Infra cost in 2027?,1,11,2153,5013,0,1,0,50,15,0,https://pulserevops.com/knowledge/ai445,0,Person|Organization|Service|ProfessionalService|QAPage|Question|Answer|TechArticle|ImageObject|WebPage|BreadcrumbList|ListItem,2026-07-12T02:35:33.622Z,2026-07-12T02:35:33.622Z,"index, follow, max-snippet:-1, max-image-preview:large",,true,2,false,10,,0,text/html; charset=utf-8,1218,139880,95fe58caedfc
https://pulserevops.com/knowledge/bo342,knowledge,200,Indexable,,1,Top 10 best Buildouts options in 2027,"Choosing the right Buildout option depends on your organization's maturity, tech stack, and specific operational bottlenecks. The 2027 landscape favors…",Top 10 best Buildouts options in 2027,1,12,2174,4970,0,1,0,45,14,0,https://pulserevops.com/knowledge/bo342,0,Person|Organization|Service|ProfessionalService|QAPage|Question|Answer|TechArticle|ImageObject|WebPage|BreadcrumbList|ListItem,2026-07-12T01:51:45.274Z,2026-07-12T01:51:45.274Z,"index, follow, max-snippet:-1, max-image-preview:large",,true,2,false,10,,0,text/html; charset=utf-8,285,142053,cc6018d9ad51
https://pulserevops.com/knowledge/nl237,knowledge,200,Indexable,,1,Top 10 best Nightlife options in 2027,The best nightlife in 2027 isn't just about where you go; it's about how you experience it. From AI-designed cocktail bars that learn your taste preferences…,Top 10 best Nightlife options in 2027,1,15,2675,6084,0,1,0,46,15,0,https://pulserevops.com/knowledge/nl237,0,Person|Organization|Service|ProfessionalService|QAPage|Question|Answer|TechArticle|ImageObject|WebPage|BreadcrumbList|ListItem,2026-07-12T01:50:37.992Z,2026-07-12T01:50:37.992Z,"index, follow, max-snippet:-1, max-image-preview:large",,true,2,false,10,,0,text/html; charset=utf-8,294,149247,3c801357b5d2
https://pulserevops.com/knowledge/sk104,knowledge,200,Indexable,,1,Top 10 Skill Drills strategies for 2027,"The modern revenue landscape demands that teams move beyond static role-plays toward dynamic, data-informed exercises that mimic actual buyer interactions…",Top 10 Skill Drills strategies for 2027,1,10,3081,6794,0,1,0,48,14,0,https://pulserevops.com/knowledge/sk104,0,Person|Organization|Service|ProfessionalService|QAPage|Question|Answer|TechArticle|ImageObject|WebPage|BreadcrumbList|ListItem,2026-07-12T01:48:41.950Z,2026-07-12T01:48:41.950Z,"index, follow, max-snippet:-1, max-image-preview:large",,true,2,false,10,,0,text/html; charset=utf-8,298,145380,d6ff671140ff
https://pulserevops.com/knowledge/sc518,knowledge,200,Indexable,,1,What are the most common mistakes in Schools in 2027?,"The education sector is under immense pressure to modernize, yet many institutions repeat the same pitfalls. Understanding these mistakes is crucial for…",What are the most common mistakes in Schools in 2027?,1,10,2265,5271,0,1,0,46,15,0,https://pulserevops.com/knowledge/sc518,0,Person|Organization|Service|ProfessionalService|QAPage|Question|Answer|TechArticle|ImageObject|WebPage|BreadcrumbList|ListItem,2026-07-12T01:38:38.006Z,2026-07-12T01:38:38.006Z,"index, follow, max-snippet:-1, max-image-preview:large",,true,2,false,10,,0,text/html; charset=utf-8,255,138899,766b82ab00a6
https://pulserevops.com/knowledge/ev107,knowledge,200,Indexable,,1,How much does Events cost in 2027?,"In 2027, event budgets are shaped by factors such as venue rental, catering, audiovisual production, speaker fees, marketing, and post-event analytics. The…",How much does Events cost in 2027?,1,11,2014,4619,0,1,0,50,15,0,https://pulserevops.com/knowledge/ev107,0,Person|Organization|Service|ProfessionalService|QAPage|Question|Answer|TechArticle|ImageObject|WebPage|BreadcrumbList|ListItem,2026-07-12T01:41:29.594Z,2026-07-12T01:41:29.594Z,"index, follow, max-snippet:-1, max-image-preview:large",,true,2,false,10,,0,text/html; charset=utf-8,274,137516,c9f8f0d800ee
https://pulserevops.com/knowledge/sw120,knowledge,200,Indexable,,1,What are the most common mistakes in Software in 2027?,"These mistakes often compound, turning what could be a successful product into a maintenance nightmare. Understanding these pitfalls is the first step toward…",What are the most common mistakes in Software in 2027?,1,12,2467,5668,0,1,0,49,15,0,https://pulserevops.com/knowledge/sw120,0,Person|Organization|Service|ProfessionalService|QAPage|Question|Answer|TechArticle|ImageObject|WebPage|BreadcrumbList|ListItem,2026-07-12T01:22:36.850Z,2026-07-12T01:22:36.850Z,"index, follow, max-snippet:-1, max-image-preview:large",,true,2,false,10,,0,text/html; charset=utf-8,245,135243,9f61e3580a04
https://pulserevops.com/knowledge/ai444,knowledge,200,Indexable,,1,What are the most common mistakes in AI Infra in 2027?,"Yes, the most common mistakes in AI infrastructure in 2027 stem from a dangerous combination of over-engineering, neglecting operational fundamentals, and…",What are the most common mistakes in AI Infra in 2027?,1,11,2114,4893,0,1,0,48,13,0,https://pulserevops.com/knowledge/ai444,0,Person|Organization|Service|ProfessionalService|QAPage|Question|Answer|TechArticle|ImageObject|WebPage|BreadcrumbList|ListItem,2026-07-12T01:18:13.790Z,2026-07-12T01:18:13.790Z,"index, follow, max-snippet:-1, max-image-preview:large",,true,2,false,10,,0,text/html; charset=utf-8,281,140555,a1bb1ba997c9
https://pulserevops.com/knowledge/gm69,knowledge,200,Indexable,,1,Top 10 best Gaming options in 2027,"The gaming landscape in 2027 has evolved dramatically, with advancements in ray tracing, AI upscaling, and cloud streaming making high-fidelity experiences…",Top 10 best Gaming options in 2027,1,11,2055,4827,0,1,0,47,15,0,https://pulserevops.com/knowledge/gm69,0,Person|Organization|Service|ProfessionalService|QAPage|Question|Answer|TechArticle|ImageObject|WebPage|BreadcrumbList|ListItem,2026-07-12T01:11:49.938Z,2026-07-12T01:11:49.938Z,"index, follow, max-snippet:-1, max-image-preview:large",,true,2,false,10,,0,text/html; charset=utf-8,251,137485,178b2739f043
https://pulserevops.com/knowledge/tl21660,knowledge,200,Indexable,,1,What should you know before investing in Pulse Tools in 2027?,The landscape of pulse tools in 2027 is defined by convergence: the best platforms no longer just monitor metrics but actively orchestrate responses across…,What should you know before investing in Pulse Tools in 2027?,1,11,2267,5193,0,2,0,51,13,0,https://pulserevops.com/knowledge/tl21660,0,Person|Organization|Service|ProfessionalService|QAPage|Question|Answer|TechArticle|ImageObject|WebPage|BreadcrumbList|ListItem,2026-07-12T01:05:31.746Z,2026-07-12T01:05:31.746Z,"index, follow, max-snippet:-1, max-image-preview:large",,true,2,false,10,,0,text/html; charset=utf-8,253,136461,f6f1a3e5ce8f
https://pulserevops.com/knowledge/dn418,knowledge,200,Indexable,,1,What is the best way to approach Dining in 2027?,"In 2027, dining is no longer just about food; it's about crafting a holistic journey that begins long before you sit down and extends well after you leave…",What is the best way to approach Dining in 2027?,1,11,2216,5112,0,1,0,50,13,0,https://pulserevops.com/knowledge/dn418,0,Person|Organization|Service|ProfessionalService|QAPage|Question|Answer|TechArticle|ImageObject|WebPage|BreadcrumbList|ListItem,2026-07-12T01:02:09.963Z,2026-07-12T01:02:09.963Z,"index, follow, max-snippet:-1, max-image-preview:large",,true,2,false,10,,0,text/html; charset=utf-8,254,155360,89c118ba771a
https://pulserevops.com/knowledge/mv57,knowledge,200,Indexable,,1,Is Movies worth it in 2027?,"It depends entirely on your personal viewing habits, budget, and preferred content. Yes, if you are a frequent moviegoer who watches several films per month…",Is Movies worth it in 2027?,1,11,2149,5081,0,2,0,48,14,0,https://pulserevops.com/knowledge/mv57,0,Person|Organization|Service|ProfessionalService|QAPage|Question|Answer|TechArticle|ImageObject|WebPage|BreadcrumbList|ListItem,2026-07-12T00:57:10.269Z,2026-07-12T00:57:10.269Z,"index, follow, max-snippet:-1, max-image-preview:large",,true,2,false,10,,0,text/html; charset=utf-8,248,134414,2228257c225a
https://pulserevops.com/knowledge/cl159,knowledge,200,Indexable,,1,How do you get started with Cologne in 2027?,Getting started with Cologne in 2027 means immersing yourself in a city that has fully embraced its role as a digital and cultural hub on the Rhine. The city…,How do you get started with Cologne in 2027?,1,11,2335,5471,0,1,0,46,18,0,https://pulserevops.com/knowledge/cl159,0,Person|Organization|Service|ProfessionalService|QAPage|Question|Answer|TechArticle|ImageObject|WebPage|BreadcrumbList|ListItem,2026-07-12T00:43:27.580Z,2026-07-12T00:43:27.580Z,"index, follow, max-snippet:-1, max-image-preview:large",,true,2,false,10,,0,text/html; charset=utf-8,305,141689,be4eb54bce97
https://pulserevops.com/knowledge/rs287,knowledge,200,Indexable,,1,Is Resorts worth it in 2027?,"It depends entirely on your travel style, budget, and what you value most in a vacation. In 2027, resorts are increasingly offering all-inclusive packages…",Is Resorts worth it in 2027?,1,11,1977,4683,0,1,0,45,13,0,https://pulserevops.com/knowledge/rs287,0,Person|Organization|Service|ProfessionalService|QAPage|Question|Answer|TechArticle|ImageObject|WebPage|BreadcrumbList|ListItem,2026-07-12T00:31:14.753Z,2026-07-12T00:31:14.753Z,"index, follow, max-snippet:-1, max-image-preview:large",,true,2,false,10,,0,text/html; charset=utf-8,254,136133,a405b5fc8de3
https://pulserevops.com/knowledge/pt579,knowledge,200,Indexable,,1,What should you know before investing in Pets in 2027?,"The pet industry in 2027 is no longer just about buying a dog or cat; it's a complex ecosystem spanning biotechnology, insurance, and digital ownership. This…",What should you know before investing in Pets in 2027?,1,12,2427,5536,0,1,0,46,13,0,https://pulserevops.com/knowledge/pt579,0,Person|Organization|Service|ProfessionalService|QAPage|Question|Answer|TechArticle|ImageObject|WebPage|BreadcrumbList|ListItem,2026-07-12T00:30:20.019Z,2026-07-12T00:30:20.019Z,"index, follow, max-snippet:-1, max-image-preview:large",,true,2,false,10,,0,text/html; charset=utf-8,251,134227,668fd3a9e9b9
https://pulserevops.com/knowledge/bt418,knowledge,200,Indexable,,1,Top 10 Boats strategies for 2027,"The marine industry is on the cusp of a major shift, driven by environmental regulations, digital innovation, and shifting buyer demographics. To stay…",Top 10 Boats strategies for 2027,1,15,3529,7683,0,1,0,47,15,0,https://pulserevops.com/knowledge/bt418,0,Person|Organization|Service|ProfessionalService|QAPage|Question|Answer|TechArticle|ImageObject|WebPage|BreadcrumbList|ListItem,2026-07-12T00:24:56.350Z,2026-07-12T00:24:56.350Z,"index, follow, max-snippet:-1, max-image-preview:large",,true,2,false,10,,0,text/html; charset=utf-8,253,157028,13c244ce2ab1
https://pulserevops.com/knowledge/nl236,knowledge,200,Indexable,,1,Is Nightlife worth it in 2027?,"The decision of whether nightlife is ""worth it"" in 2027 hinges on how much you value unique, immersive experiences over traditional bar-hopping. With the…",Is Nightlife worth it in 2027?,1,11,1982,4682,0,1,0,48,13,0,https://pulserevops.com/knowledge/nl236,0,Person|Organization|Service|ProfessionalService|QAPage|Question|Answer|TechArticle|ImageObject|WebPage|BreadcrumbList|ListItem,2026-07-12T00:21:02.329Z,2026-07-12T00:21:02.329Z,"index, follow, max-snippet:-1, max-image-preview:large",,true,2,false,10,,0,text/html; charset=utf-8,261,139404,611b2f70a96f
https://pulserevops.com/knowledge/mv56,knowledge,200,Indexable,,1,How do you get started with Movies in 2027?,"To begin, clarify your primary use case: casual entertainment, film study, or creative inspiration. Then, choose a central streaming hub—such as Netflix for…",How do you get started with Movies in 2027?,1,11,2160,5044,0,2,0,48,15,0,https://pulserevops.com/knowledge/mv56,0,Person|Organization|Service|ProfessionalService|QAPage|Question|Answer|TechArticle|ImageObject|WebPage|BreadcrumbList|ListItem,2026-07-12T00:14:02.549Z,2026-07-12T00:14:02.549Z,"index, follow, max-snippet:-1, max-image-preview:large",,true,2,false,10,,0,text/html; charset=utf-8,241,134630,76aba172f725
https://pulserevops.com/knowledge/tl21659,knowledge,200,Indexable,,1,What is the best way to approach Pulse Tools in 2027?,"It depends on whether your organization is prioritizing workflow automation, data unification, or strategic planning, but the best way to approach Pulse…",What is the best way to approach Pulse Tools in 2027?,1,11,2061,4891,0,2,0,50,14,0,https://pulserevops.com/knowledge/tl21659,0,Person|Organization|Service|ProfessionalService|QAPage|Question|Answer|TechArticle|ImageObject|WebPage|BreadcrumbList|ListItem,2026-07-12T00:22:08.255Z,2026-07-12T00:22:08.255Z,"index, follow, max-snippet:-1, max-image-preview:large",,true,2,false,10,,0,text/html; charset=utf-8,395,132580,6f471e6b8deb
https://pulserevops.com/knowledge/ev106,knowledge,200,Indexable,,1,What should you know before investing in Events in 2027?,"The events industry in 2027 is defined by a convergence of in-person and virtual experiences, often called “phygital” events. Attendees expect seamless…",What should you know before investing in Events in 2027?,1,11,2396,5478,0,1,0,49,14,0,https://pulserevops.com/knowledge/ev106,0,Person|Organization|Service|ProfessionalService|QAPage|Question|Answer|TechArticle|ImageObject|WebPage|BreadcrumbList|ListItem,2026-07-12T00:12:37.856Z,2026-07-12T00:12:37.856Z,"index, follow, max-snippet:-1, max-image-preview:large",,true,2,false,10,,0,text/html; charset=utf-8,269,142911,1b60d9a19b2d
https://pulserevops.com/knowledge/es355,knowledge,200,Indexable,,1,Top 10 best Espresso options in 2027,"Choosing an espresso machine in 2027 is no longer just about pressure and temperature — it's about sustainability, smart integration, and precision at every…",Top 10 best Espresso options in 2027,1,12,2104,4967,0,1,0,47,15,0,https://pulserevops.com/knowledge/es355,0,Person|Organization|Service|ProfessionalService|QAPage|Question|Answer|TechArticle|ImageObject|WebPage|BreadcrumbList|ListItem,2026-07-12T00:10:32.234Z,2026-07-12T00:10:32.234Z,"index, follow, max-snippet:-1, max-image-preview:large",,true,2,false,10,,0,text/html; charset=utf-8,261,139306,24cad5593771
https://pulserevops.com/knowledge/cl158,knowledge,200,Indexable,,1,What are the most common mistakes in Cologne in 2027?,"In 2027, Cologne's business landscape is defined by rapid digital transformation and heightened customer expectations. Organizations often fall into traps…",What are the most common mistakes in Cologne in 2027?,1,12,2091,4835,0,1,0,54,13,0,https://pulserevops.com/knowledge/cl158,0,Person|Organization|Service|ProfessionalService|QAPage|Question|Answer|TechArticle|ImageObject|WebPage|BreadcrumbList|ListItem,2026-07-12T00:05:42.961Z,2026-07-12T00:05:42.961Z,"index, follow, max-snippet:-1, max-image-preview:large",,true,2,false,10,,0,text/html; charset=utf-8,277,140109,44ecd5635927
https://pulserevops.com/knowledge/bt417,knowledge,200,Indexable,,1,How do you get started with Boats in 2027?,"The first step is to define your boating purpose—whether it's fishing, cruising, watersports, or simply exploring coastal waterways—and then match that to…",How do you get started with Boats in 2027?,1,11,2586,5953,0,1,0,49,15,0,https://pulserevops.com/knowledge/bt417,0,Person|Organization|Service|ProfessionalService|QAPage|Question|Answer|TechArticle|ImageObject|WebPage|BreadcrumbList|ListItem,2026-07-11T23:58:30.337Z,2026-07-11T23:58:30.337Z,"index, follow, max-snippet:-1, max-image-preview:large",,true,2,false,10,,0,text/html; charset=utf-8,261,143986,f12649f5bb9f
https://pulserevops.com/knowledge/dn417,knowledge,200,Indexable,,1,Top 10 Dining strategies for 2027,"The restaurant industry is at a pivotal inflection point where consumer expectations, labor dynamics, and technological capabilities converge. Operators who…",Top 10 Dining strategies for 2027,1,15,2393,5424,0,1,0,47,15,0,https://pulserevops.com/knowledge/dn417,0,Person|Organization|Service|ProfessionalService|QAPage|Question|Answer|TechArticle|ImageObject|WebPage|BreadcrumbList|ListItem,2026-07-12T00:01:17.254Z,2026-07-12T00:01:17.254Z,"index, follow, max-snippet:-1, max-image-preview:large",,true,2,false,10,,0,text/html; charset=utf-8,330,158608,0208242d03a4
https://pulserevops.com/knowledge/pt578,knowledge,200,Indexable,,1,How much does Pets cost in 2027?,"It depends heavily on the type of pet, your location, and the level of care you provide, but the annual cost of owning a pet in 2027 is projected to range…",How much does Pets cost in 2027?,1,12,2037,4774,0,1,0,47,15,0,https://pulserevops.com/knowledge/pt578,0,Person|Organization|Service|ProfessionalService|QAPage|Question|Answer|TechArticle|ImageObject|WebPage|BreadcrumbList|ListItem,2026-07-11T23:48:27.035Z,2026-07-11T23:48:27.035Z,"index, follow, max-snippet:-1, max-image-preview:large",,true,2,false,10,,0,text/html; charset=utf-8,280,128052,4bad2e697d98
https://pulserevops.com/knowledge/gm68,knowledge,200,Indexable,,1,How much does Gaming cost in 2027?,"It depends on the platform, gaming style, and hardware choices you make. In 2027, the cost of gaming ranges from a few hundred dollars for a budget console…",How much does Gaming cost in 2027?,1,10,2270,5155,0,1,0,46,15,0,https://pulserevops.com/knowledge/gm68,0,Person|Organization|Service|ProfessionalService|QAPage|Question|Answer|TechArticle|ImageObject|WebPage|BreadcrumbList|ListItem,2026-07-11T23:44:58.007Z,2026-07-11T23:44:58.007Z,"index, follow, max-snippet:-1, max-image-preview:large",,true,2,false,10,,0,text/html; charset=utf-8,268,138453,2c1a0858c6fe
https://pulserevops.com/knowledge/ga141,knowledge,200,Indexable,,1,How do you get started with Gatherings in 2027?,"The core process involves defining your gathering type, setting dates and location, configuring basic settings, and managing invitations—all guided by a…",How do you get started with Gatherings in 2027?,1,11,1971,4657,0,1,0,49,15,0,https://pulserevops.com/knowledge/ga141,0,Person|Organization|Service|ProfessionalService|QAPage|Question|Answer|TechArticle|ImageObject|WebPage|BreadcrumbList|ListItem,2026-07-11T23:42:36.682Z,2026-07-11T23:42:36.682Z,"index, follow, max-snippet:-1, max-image-preview:large",,true,2,false,10,,0,text/html; charset=utf-8,276,138207,81eb64ca6275
https://pulserevops.com/knowledge/ai443,knowledge,200,Indexable,,1,How do you get started with AI Infra in 2027?,"The journey begins not with hardware procurement, but with a rigorous assessment of your data, use cases, and team readiness. In 2027, the landscape is…",How do you get started with AI Infra in 2027?,1,11,2598,5906,0,1,0,48,17,0,https://pulserevops.com/knowledge/ai443,0,Person|Organization|Service|ProfessionalService|QAPage|Question|Answer|TechArticle|ImageObject|WebPage|BreadcrumbList|ListItem,2026-07-11T23:40:18.846Z,2026-07-11T23:40:18.846Z,"index, follow, max-snippet:-1, max-image-preview:large",,true,2,false,10,,0,text/html; charset=utf-8,369,146784,1d8f86db304b
https://pulserevops.com/knowledge/cl157,knowledge,200,Indexable,,1,What is the best way to approach Cologne in 2027?,"A thoughtful approach to Cologne in 2027 requires understanding the city's unique rhythm: it is a hub of commerce, culture, and celebration, where the Rhine…",What is the best way to approach Cologne in 2027?,1,11,2950,6743,0,1,0,48,15,0,https://pulserevops.com/knowledge/cl157,0,Person|Organization|Service|ProfessionalService|QAPage|Question|Answer|TechArticle|ImageObject|WebPage|BreadcrumbList|ListItem,2026-07-11T23:36:40.227Z,2026-07-11T23:36:40.227Z,"index, follow, max-snippet:-1, max-image-preview:large",,true,2,false,10,,0,text/html; charset=utf-8,259,148929,0d0395ceee2e
https://pulserevops.com/knowledge/ev105,knowledge,200,Indexable,,1,How do you get started with Events in 2027?,"To succeed, you must begin by defining a clear event goal tied to pipeline or retention metrics, then choose a format that prioritizes attendee agency and…",How do you get started with Events in 2027?,1,10,2086,4868,0,1,0,50,12,0,https://pulserevops.com/knowledge/ev105,0,Person|Organization|Service|ProfessionalService|QAPage|Question|Answer|TechArticle|ImageObject|WebPage|BreadcrumbList|ListItem,2026-07-11T23:33:16.525Z,2026-07-11T23:33:16.525Z,"index, follow, max-snippet:-1, max-image-preview:large",,true,2,false,10,,0,text/html; charset=utf-8,268,139556,b182d0ad9a99
https://pulserevops.com/knowledge/tv290,knowledge,200,Indexable,,1,Top 10 best TVs options in 2027,The TV landscape in 2027 is defined by two dominant display technologies: OLED (including QD-OLED and MLA OLED) and Mini-LED LCD. OLEDs deliver perfect…,Top 10 best TVs options in 2027,1,10,2043,4735,0,1,0,47,15,0,https://pulserevops.com/knowledge/tv290,0,Person|Organization|Service|ProfessionalService|QAPage|Question|Answer|TechArticle|ImageObject|WebPage|BreadcrumbList|ListItem,2026-07-11T23:32:00.986Z,2026-07-11T23:32:00.986Z,"index, follow, max-snippet:-1, max-image-preview:large",,true,2,false,10,,0,text/html; charset=utf-8,260,128214,43ca17447b6c
https://pulserevops.com/knowledge/sc517,knowledge,200,Indexable,,1,Top 10 best Schools options in 2027,The landscape of education in 2027 is fundamentally different from even a decade ago. The best schools are no longer just those with the highest test scores…,Top 10 best Schools options in 2027,1,11,2498,5758,0,1,0,48,15,0,https://pulserevops.com/knowledge/sc517,0,Person|Organization|Service|ProfessionalService|QAPage|Question|Answer|TechArticle|ImageObject|WebPage|BreadcrumbList|ListItem,2026-07-11T23:29:29.722Z,2026-07-11T23:29:29.722Z,"index, follow, max-snippet:-1, max-image-preview:large",,true,2,false,10,,0,text/html; charset=utf-8,289,141486,9bc43df17f9a
https://pulserevops.com/knowledge/sw119,knowledge,200,Indexable,,1,How much does Software cost in 2027?,"Software pricing in 2027 is shaped by the convergence of AI features, cloud infrastructure costs, and vendor consolidation. Whether you're a solo…",How much does Software cost in 2027?,1,11,1953,4618,0,1,0,49,10,0,https://pulserevops.com/knowledge/sw119,0,Person|Organization|Service|ProfessionalService|QAPage|Question|Answer|TechArticle|ImageObject|WebPage|BreadcrumbList|ListItem,2026-07-11T23:24:32.538Z,2026-07-11T23:24:32.538Z,"index, follow, max-snippet:-1, max-image-preview:large",,true,2,false,10,,0,text/html; charset=utf-8,234,129323,26dd414614e9
https://pulserevops.com/knowledge/q19007,knowledge,200,Indexable,,1,Top 10 best Q&A options in 2027,The Q&A landscape in 2027 is characterized by a shift toward hybrid models that blend human expertise with artificial intelligence. Traditional platforms…,Top 10 best Q&A options in 2027,1,12,2787,6260,0,1,0,50,15,0,https://pulserevops.com/knowledge/q19007,0,Person|Organization|Service|ProfessionalService|QAPage|Question|Answer|TechArticle|ImageObject|WebPage|BreadcrumbList|ListItem,2026-07-11T23:23:09.458Z,2026-07-11T23:23:09.458Z,"index, follow, max-snippet:-1, max-image-preview:large",,true,2,false,10,,0,text/html; charset=utf-8,229,142882,62a9f3f7ddc8
https://pulserevops.com/knowledge/mv55,knowledge,200,Indexable,,1,What are the most common mistakes in Movies in 2027?,"The film industry in 2027 faces a unique set of challenges, driven by the rapid adoption of artificial intelligence in pre-production and post-production…",What are the most common mistakes in Movies in 2027?,1,13,3047,6965,0,2,0,49,15,0,https://pulserevops.com/knowledge/mv55,0,Person|Organization|Service|ProfessionalService|QAPage|Question|Answer|TechArticle|ImageObject|WebPage|BreadcrumbList|ListItem,2026-07-11T23:16:12.340Z,2026-07-11T23:16:12.340Z,"index, follow, max-snippet:-1, max-image-preview:large",,true,2,false,10,,0,text/html; charset=utf-8,265,146569,9918694b6363
https://pulserevops.com/knowledge/dn416,knowledge,200,Indexable,,1,What should you know before investing in Dining in 2027?,"The dining industry is undergoing a fundamental transformation, moving from a service-based model to one that integrates technology, experience, and…",What should you know before investing in Dining in 2027?,1,11,2625,6055,0,1,0,47,15,0,https://pulserevops.com/knowledge/dn416,0,Person|Organization|Service|ProfessionalService|QAPage|Question|Answer|TechArticle|ImageObject|WebPage|BreadcrumbList|ListItem,2026-07-11T23:13:37.989Z,2026-07-11T23:13:37.989Z,"index, follow, max-snippet:-1, max-image-preview:large",,true,3,false,10,,0,text/html; charset=utf-8,268,163344,e21f6aa49090
https://pulserevops.com/knowledge/bt416,knowledge,200,Indexable,,1,Is Boats worth it in 2027?,"The decision to invest in Boats in 2027 hinges on a careful evaluation of your organization's specific needs, budget, and growth trajectory. For many, the…",Is Boats worth it in 2027?,1,11,1985,4678,0,1,0,49,15,0,https://pulserevops.com/knowledge/bt416,0,Person|Organization|Service|ProfessionalService|QAPage|Question|Answer|TechArticle|ImageObject|WebPage|BreadcrumbList|ListItem,2026-07-11T23:09:29.142Z,2026-07-11T23:09:29.142Z,"index, follow, max-snippet:-1, max-image-preview:large",,true,2,false,10,,0,text/html; charset=utf-8,254,137314,fc290725d861
https://pulserevops.com/knowledge/nl235,knowledge,200,Indexable,,1,How do you get started with Nightlife in 2027?,"The landscape has evolved significantly from traditional bar-hopping; today, success hinges on using technology to find the right crowd and vibe, while also…",How do you get started with Nightlife in 2027?,1,11,2081,4919,0,1,0,48,15,0,https://pulserevops.com/knowledge/nl235,0,Person|Organization|Service|ProfessionalService|QAPage|Question|Answer|TechArticle|ImageObject|WebPage|BreadcrumbList|ListItem,2026-07-11T23:06:58.683Z,2026-07-11T23:06:58.683Z,"index, follow, max-snippet:-1, max-image-preview:large",,true,2,false,10,,0,text/html; charset=utf-8,250,142936,52306a55c118
https://pulserevops.com/knowledge/ga140,knowledge,200,Indexable,,1,Is Gatherings worth it in 2027?,"It depends on your specific needs for community, event management, and digital collaboration. Gatherings is worth it in 2027 if you prioritize a seamless…",Is Gatherings worth it in 2027?,1,10,2159,5107,0,1,0,50,12,0,https://pulserevops.com/knowledge/ga140,0,Person|Organization|Service|ProfessionalService|QAPage|Question|Answer|TechArticle|ImageObject|WebPage|BreadcrumbList|ListItem,2026-07-11T23:08:16.559Z,2026-07-11T23:08:16.559Z,"index, follow, max-snippet:-1, max-image-preview:large",,true,2,false,10,,0,text/html; charset=utf-8,259,141888,707c2f1a4e12
https://pulserevops.com/knowledge/sk103,knowledge,200,Indexable,,1,What is the best way to approach Skill Drills in 2027?,"It depends on your specific team’s skill gaps, learning culture, and operational maturity. The best way to approach Skill Drills in 2027 is to integrate them…",What is the best way to approach Skill Drills in 2027?,1,10,1996,4735,0,1,0,49,15,0,https://pulserevops.com/knowledge/sk103,0,Person|Organization|Service|ProfessionalService|QAPage|Question|Answer|TechArticle|ImageObject|WebPage|BreadcrumbList|ListItem,2026-07-11T23:04:40.205Z,2026-07-11T23:04:40.205Z,"index, follow, max-snippet:-1, max-image-preview:large",,true,2,false,10,,0,text/html; charset=utf-8,245,130828,327b6de155a0
https://pulserevops.com/knowledge/tl21658,knowledge,200,Indexable,,1,What are the most common mistakes in Pulse Tools in 2027?,"Pulse Tools—platforms designed to monitor, analyze, and optimize revenue workflows in real-time—have become indispensable in modern RevOps. However, as their…",What are the most common mistakes in Pulse Tools in 2027?,1,11,2232,5112,0,2,0,47,13,0,https://pulserevops.com/knowledge/tl21658,0,Person|Organization|Service|ProfessionalService|QAPage|Question|Answer|TechArticle|ImageObject|WebPage|BreadcrumbList|ListItem,2026-07-11T23:02:16.882Z,2026-07-11T23:02:16.882Z,"index, follow, max-snippet:-1, max-image-preview:large",,true,2,false,10,,0,text/html; charset=utf-8,252,135328,881f00feca86
https://pulserevops.com/knowledge/pt577,knowledge,200,Indexable,,1,What are the most common mistakes in Pets in 2027?,"In 2027, pet ownership is increasingly mediated by smart devices and subscription-based health services, yet many owners fail to balance convenience with…",What are the most common mistakes in Pets in 2027?,1,11,2027,4860,0,1,0,50,13,0,https://pulserevops.com/knowledge/pt577,0,Person|Organization|Service|ProfessionalService|QAPage|Question|Answer|TechArticle|ImageObject|WebPage|BreadcrumbList|ListItem,2026-07-11T22:58:09.171Z,2026-07-11T22:58:09.171Z,"index, follow, max-snippet:-1, max-image-preview:large",,true,3,false,10,,0,text/html; charset=utf-8,228,128573,39fbedfccd20
https://pulserevops.com/knowledge/gm67,knowledge,200,Indexable,,1,Top 10 Gaming strategies for 2027,"Yes, the gaming strategies for 2027 will revolve around AI-driven personalization, cross-platform ecosystems, and community-first monetization, moving beyond…",Top 10 Gaming strategies for 2027,1,15,2527,5671,0,1,0,47,15,0,https://pulserevops.com/knowledge/gm67,0,Person|Organization|Service|ProfessionalService|QAPage|Question|Answer|TechArticle|ImageObject|WebPage|BreadcrumbList|ListItem,2026-07-11T22:59:07.114Z,2026-07-11T22:59:07.114Z,"index, follow, max-snippet:-1, max-image-preview:large",,true,2,false,10,,0,text/html; charset=utf-8,270,145287,ea92a3a2e990
https://pulserevops.com/knowledge/sc516,knowledge,200,Indexable,,1,Is Schools worth it in 2027?,"It depends on your team's specific needs, budget, and existing tech stack. For many small to mid-sized B2B organizations, Schools can be a worthwhile…",Is Schools worth it in 2027?,1,11,2842,6419,0,1,0,50,13,0,https://pulserevops.com/knowledge/sc516,0,Person|Organization|Service|ProfessionalService|QAPage|Question|Answer|TechArticle|ImageObject|WebPage|BreadcrumbList|ListItem,2026-07-11T22:48:57.876Z,2026-07-11T22:48:57.876Z,"index, follow, max-snippet:-1, max-image-preview:large",,true,2,false,10,,0,text/html; charset=utf-8,232,146576,3f45140301d9
https://pulserevops.com/knowledge/ai442,knowledge,200,Indexable,,1,Top 10 AI Infra strategies for 2027,"The next wave of AI infrastructure demands a shift from monolithic GPU clusters to distributed, software-defined fabrics that can adapt to evolving model…",Top 10 AI Infra strategies for 2027,1,15,2822,6272,0,1,0,54,15,0,https://pulserevops.com/knowledge/ai442,0,Person|Organization|Service|ProfessionalService|QAPage|Question|Answer|TechArticle|ImageObject|WebPage|BreadcrumbList|ListItem,2026-07-11T22:55:47.053Z,2026-07-11T22:55:47.053Z,"index, follow, max-snippet:-1, max-image-preview:large",,true,2,false,10,,0,text/html; charset=utf-8,271,151717,c44faa4d9a24
https://pulserevops.com/knowledge/dn415,knowledge,200,Indexable,,1,How much does Dining cost in 2027?,"The cost of dining out in 2027 is shaped by a combination of economic forces, consumer behavior shifts, and industry innovations. While precise figures…",How much does Dining cost in 2027?,1,11,2033,4820,0,1,0,46,15,0,https://pulserevops.com/knowledge/dn415,0,Person|Organization|Service|ProfessionalService|QAPage|Question|Answer|TechArticle|ImageObject|WebPage|BreadcrumbList|ListItem,2026-07-11T22:41:12.179Z,2026-07-11T22:41:12.179Z,"index, follow, max-snippet:-1, max-image-preview:large",,true,2,false,10,,0,text/html; charset=utf-8,250,150713,bfc70f533a5c
https://pulserevops.com/knowledge/tv289,knowledge,200,Indexable,,1,Top 10 TVs strategies for 2027,"The top 10 TVs (Total Addressable Market, Serviceable Addressable Market, and Serviceable Obtainable Market) strategies for 2027 focus on leveraging…",Top 10 TVs strategies for 2027,1,15,2504,5693,0,1,0,47,14,0,https://pulserevops.com/knowledge/tv289,0,Person|Organization|Service|ProfessionalService|QAPage|Question|Answer|TechArticle|ImageObject|WebPage|BreadcrumbList|ListItem,2026-07-11T22:34:13.360Z,2026-07-11T22:34:13.360Z,"index, follow, max-snippet:-1, max-image-preview:large",,true,2,false,10,,0,text/html; charset=utf-8,242,138751,9e1a2b715a36
https://pulserevops.com/knowledge/ai441,knowledge,200,Indexable,,1,Is AI Infra worth it in 2027?,"As enterprises accelerate their AI adoption beyond pilot projects, the infrastructure supporting these workloads has become a critical competitive…",Is AI Infra worth it in 2027?,1,11,2668,5960,0,1,0,46,15,0,https://pulserevops.com/knowledge/ai441,0,Person|Organization|Service|ProfessionalService|QAPage|Question|Answer|TechArticle|ImageObject|WebPage|BreadcrumbList|ListItem,2026-07-11T22:36:56.849Z,2026-07-11T22:36:56.849Z,"index, follow, max-snippet:-1, max-image-preview:large",,true,2,false,10,,0,text/html; charset=utf-8,301,149232,92617eb08f51
https://pulserevops.com/knowledge/nl234,knowledge,200,Indexable,,1,What should you know before investing in Nightlife in 2027?,"Investing in nightlife—whether in bars, clubs, lounges, or entertainment venues—requires more than capital. In 2027, the landscape is defined by experiential…",What should you know before investing in Nightlife in 2027?,1,11,2082,4952,0,1,0,51,14,0,https://pulserevops.com/knowledge/nl234,0,Person|Organization|Service|ProfessionalService|QAPage|Question|Answer|TechArticle|ImageObject|WebPage|BreadcrumbList|ListItem,2026-07-11T22:33:07.585Z,2026-07-11T22:33:07.585Z,"index, follow, max-snippet:-1, max-image-preview:large",,true,2,false,10,,0,text/html; charset=utf-8,261,144760,072f65a655a2
https://pulserevops.com/knowledge/mv54,knowledge,200,Indexable,,1,Top 10 Movies strategies for 2027,"In 2027, the movie industry will navigate a landscape defined by fragmented attention spans, rising production costs, and the need for genuine audience…",Top 10 Movies strategies for 2027,1,15,2878,6480,0,2,0,45,15,0,https://pulserevops.com/knowledge/mv54,0,Person|Organization|Service|ProfessionalService|QAPage|Question|Answer|TechArticle|ImageObject|WebPage|BreadcrumbList|ListItem,2026-07-11T22:31:43.129Z,2026-07-11T22:31:43.129Z,"index, follow, max-snippet:-1, max-image-preview:large",,true,2,false,10,,0,text/html; charset=utf-8,621,145577,f83ff506ff92
https://pulserevops.com/knowledge/ev104,knowledge,200,Indexable,,1,What is the best way to approach Events in 2027?,"The landscape of events in 2027 is defined by a convergence of digital and physical experiences, powered by AI and real-time analytics. To succeed, you must…",What is the best way to approach Events in 2027?,1,11,2433,5491,0,1,0,48,15,0,https://pulserevops.com/knowledge/ev104,0,Person|Organization|Service|ProfessionalService|QAPage|Question|Answer|TechArticle|ImageObject|WebPage|BreadcrumbList|ListItem,2026-07-11T22:24:59.493Z,2026-07-11T22:24:59.493Z,"index, follow, max-snippet:-1, max-image-preview:large",,true,2,false,10,,0,text/html; charset=utf-8,475,144085,42accbccc2ed
https://pulserevops.com/knowledge/ga139,knowledge,200,Indexable,,1,What should you know before investing in Gatherings in 2027?,The gatherings industry in 2027 is no longer about simply hosting an event; it is about curating an experience that delivers measurable business outcomes…,What should you know before investing in Gatherings in 2027?,1,11,2051,4794,0,1,0,49,13,0,https://pulserevops.com/knowledge/ga139,0,Person|Organization|Service|ProfessionalService|QAPage|Question|Answer|TechArticle|ImageObject|WebPage|BreadcrumbList|ListItem,2026-07-11T22:25:58.797Z,2026-07-11T22:25:58.797Z,"index, follow, max-snippet:-1, max-image-preview:large",,true,2,false,10,,0,text/html; charset=utf-8,587,139891,a3065463e78e
https://pulserevops.com/knowledge/sw118,knowledge,200,Indexable,,1,Is Software worth it in 2027?,"In 2027, the software landscape is marked by AI-native features, tighter vendor ecosystems, and a growing emphasis on total cost of ownership (TCO)…",Is Software worth it in 2027?,1,11,2118,5056,0,1,0,50,12,0,https://pulserevops.com/knowledge/sw118,0,Person|Organization|Service|ProfessionalService|QAPage|Question|Answer|TechArticle|ImageObject|WebPage|BreadcrumbList|ListItem,2026-07-11T21:44:05.888Z,2026-07-11T21:44:05.888Z,"index, follow, max-snippet:-1, max-image-preview:large",,true,3,false,10,,0,text/html; charset=utf-8,246,130343,9790e1ab2e1f
https://pulserevops.com/knowledge/q19006,knowledge,200,Indexable,,1,How much does Q&A cost in 2027?,"The cost of Q&A in 2027 is shaped by several key factors including the number of users, required features, integration complexity, and whether you opt for a…",How much does Q&A cost in 2027?,1,12,2280,5148,0,1,0,48,15,0,https://pulserevops.com/knowledge/q19006,0,Person|Organization|Service|ProfessionalService|QAPage|Question|Answer|TechArticle|ImageObject|WebPage|BreadcrumbList|ListItem,2026-07-11T21:38:57.029Z,2026-07-11T21:38:57.029Z,"index, follow, max-snippet:-1, max-image-preview:large",,true,2,false,10,,0,text/html; charset=utf-8,240,133688,7e63e5758c0a
https://pulserevops.com/knowledge/es354,knowledge,200,Indexable,,1,What are the most common mistakes in Espresso in 2027?,"The art of espresso has evolved significantly by 2027, but human error remains a constant. Even with smart grinders and pressure-profiling machines, baristas…",What are the most common mistakes in Espresso in 2027?,1,11,2081,4809,0,1,0,47,15,0,https://pulserevops.com/knowledge/es354,0,Person|Organization|Service|ProfessionalService|QAPage|Question|Answer|TechArticle|ImageObject|WebPage|BreadcrumbList|ListItem,2026-07-11T21:38:00.244Z,2026-07-11T21:38:00.244Z,"index, follow, max-snippet:-1, max-image-preview:large",,true,2,false,10,,0,text/html; charset=utf-8,258,138203,0536bba6b0d2
https://pulserevops.com/knowledge/rs286,knowledge,200,Indexable,,1,Top 10 best Resorts options in 2027,The resorts that rise to the top in 2027 are not just places to sleep; they are destinations themselves. They integrate seamlessly with their natural and…,Top 10 best Resorts options in 2027,1,9,2811,6355,0,1,0,46,14,0,https://pulserevops.com/knowledge/rs286,0,Person|Organization|Service|ProfessionalService|QAPage|Question|Answer|TechArticle|ImageObject|WebPage|BreadcrumbList|ListItem,2026-07-11T21:36:51.814Z,2026-07-11T21:36:51.814Z,"index, follow, max-snippet:-1, max-image-preview:large",,true,2,false,10,,0,text/html; charset=utf-8,277,148365,96b4ec4a7eda
https://pulserevops.com/knowledge/nl233,knowledge,200,Indexable,,1,What is the best way to approach Nightlife in 2027?,"In 2027, nightlife is no longer just about where to go—it's about how you experience it. The convergence of augmented reality, data analytics, and evolving…",What is the best way to approach Nightlife in 2027?,1,12,2313,5403,0,1,0,49,15,0,https://pulserevops.com/knowledge/nl233,0,Person|Organization|Service|ProfessionalService|QAPage|Question|Answer|TechArticle|ImageObject|WebPage|BreadcrumbList|ListItem,2026-07-11T21:33:32.541Z,2026-07-11T21:33:32.541Z,"index, follow, max-snippet:-1, max-image-preview:large",,true,2,false,10,,0,text/html; charset=utf-8,311,147102,000a0dc0a932
https://pulserevops.com/knowledge/tl21657,knowledge,200,Indexable,,1,How much does Pulse Tools cost in 2027?,"Pulse Tools is a revenue operations platform designed to streamline sales, marketing, and customer success workflows. In 2027, the company continues to offer…",How much does Pulse Tools cost in 2027?,1,11,2356,5387,0,2,0,51,12,0,https://pulserevops.com/knowledge/tl21657,0,Person|Organization|Service|ProfessionalService|QAPage|Question|Answer|TechArticle|ImageObject|WebPage|BreadcrumbList|ListItem,2026-07-11T21:34:40.511Z,2026-07-11T21:34:40.511Z,"index, follow, max-snippet:-1, max-image-preview:large",,true,2,false,10,,0,text/html; charset=utf-8,367,134883,93a6302ece2c
https://pulserevops.com/knowledge/mv53,knowledge,200,Indexable,,1,Top 10 best Movies options in 2027,"The movie industry in 2027 continues to push boundaries with advancements in AI-assisted filmmaking, holographic screenings, and personalized viewing…",Top 10 best Movies options in 2027,1,11,2208,5130,0,2,0,47,15,0,https://pulserevops.com/knowledge/mv53,0,Person|Organization|Service|ProfessionalService|QAPage|Question|Answer|TechArticle|ImageObject|WebPage|BreadcrumbList|ListItem,2026-07-11T21:29:02.970Z,2026-07-11T21:29:02.970Z,"index, follow, max-snippet:-1, max-image-preview:large",,true,2,false,10,,0,text/html; charset=utf-8,254,135287,b089801da93f
https://pulserevops.com/knowledge/rs285,knowledge,200,Indexable,,1,What are the most common mistakes in Resorts in 2027?,"The hospitality industry has undergone significant transformation by 2027, with guest expectations shifting toward hyper-personalized experiences, seamless…",What are the most common mistakes in Resorts in 2027?,1,11,2052,4803,0,1,0,47,15,0,https://pulserevops.com/knowledge/rs285,0,Person|Organization|Service|ProfessionalService|QAPage|Question|Answer|TechArticle|ImageObject|WebPage|BreadcrumbList|ListItem,2026-07-11T21:24:40.394Z,2026-07-11T21:24:40.394Z,"index, follow, max-snippet:-1, max-image-preview:large",,true,2,false,10,,0,text/html; charset=utf-8,286,140641,312d18e1d9b4
https://pulserevops.com/knowledge/bt415,knowledge,200,Indexable,,1,What is the best way to approach Boats in 2027?,"The marine industry is in the midst of a significant transition, driven by stricter emissions regulations, advancements in battery technology, and a growing…",What is the best way to approach Boats in 2027?,1,10,2111,5013,0,1,0,46,14,0,https://pulserevops.com/knowledge/bt415,0,Person|Organization|Service|ProfessionalService|QAPage|Question|Answer|TechArticle|ImageObject|WebPage|BreadcrumbList|ListItem,2026-07-11T21:26:58.218Z,2026-07-11T21:26:58.218Z,"index, follow, max-snippet:-1, max-image-preview:large",,true,2,false,10,,0,text/html; charset=utf-8,323,138416,9fe09b4002b2
https://pulserevops.com/knowledge/sk102,knowledge,200,Indexable,,1,What are the most common mistakes in Skill Drills in 2027?,"Common mistakes include treating drills as a checkbox activity, ignoring the need for real-time feedback, and failing to align drills with current business…",What are the most common mistakes in Skill Drills in 2027?,1,11,2139,4964,0,1,0,51,13,0,https://pulserevops.com/knowledge/sk102,0,Person|Organization|Service|ProfessionalService|QAPage|Question|Answer|TechArticle|ImageObject|WebPage|BreadcrumbList|ListItem,2026-07-11T21:22:58.351Z,2026-07-11T21:22:58.351Z,"index, follow, max-snippet:-1, max-image-preview:large",,true,2,false,10,,0,text/html; charset=utf-8,286,135071,f6160a1515db
https://pulserevops.com/knowledge/q19005,knowledge,200,Indexable,,1,Is Q&A worth it in 2027?,"Yes, Q&A remains worth it in 2027, but only if you align it with modern search intent, AI-assisted knowledge management, and community-driven content…",Is Q&A worth it in 2027?,1,10,1946,4653,0,1,0,50,13,0,https://pulserevops.com/knowledge/q19005,0,Person|Organization|Service|ProfessionalService|QAPage|Question|Answer|TechArticle|ImageObject|WebPage|BreadcrumbList|ListItem,2026-07-11T21:21:47.224Z,2026-07-11T21:21:47.224Z,"index, follow, max-snippet:-1, max-image-preview:large",,true,2,false,10,,0,text/html; charset=utf-8,233,128673,eb5a2d87daa8
https://pulserevops.com/knowledge/tv288,knowledge,200,Indexable,,1,What is the best way to approach TVs in 2027?,"The best way to approach TVs in 2027 is to treat them as a dynamic, audience-first channel rather than a static broadcast medium. This means leveraging…",What is the best way to approach TVs in 2027?,1,11,2220,5098,0,1,0,46,15,0,https://pulserevops.com/knowledge/tv288,0,Person|Organization|Service|ProfessionalService|QAPage|Question|Answer|TechArticle|ImageObject|WebPage|BreadcrumbList|ListItem,2026-07-11T21:20:46.823Z,2026-07-11T21:20:46.823Z,"index, follow, max-snippet:-1, max-image-preview:large",,true,2,false,10,,0,text/html; charset=utf-8,282,133763,8c97b25ff2cd
https://pulserevops.com/knowledge/cl156,knowledge,200,Indexable,,1,How much does Cologne cost in 2027?,The cologne market in 2027 reflects a blend of accessible affordability and premium exclusivity. Mass-market brands found in drugstores or online retailers…,How much does Cologne cost in 2027?,1,11,2143,5052,0,1,0,46,14,0,https://pulserevops.com/knowledge/cl156,0,Person|Organization|Service|ProfessionalService|QAPage|Question|Answer|TechArticle|ImageObject|WebPage|BreadcrumbList|ListItem,2026-07-11T21:12:56.603Z,2026-07-11T21:12:56.603Z,"index, follow, max-snippet:-1, max-image-preview:large",,true,2,false,10,,0,text/html; charset=utf-8,248,136762,a2840bf61211
https://pulserevops.com/knowledge/pt576,knowledge,200,Indexable,,1,Is Pets worth it in 2027?,"It depends entirely on your financial goals, risk tolerance, and time horizon. Pets are not a guaranteed ""worth it"" investment in 2027, but for many owners…",Is Pets worth it in 2027?,1,11,2183,5061,0,1,0,48,15,0,https://pulserevops.com/knowledge/pt576,0,Person|Organization|Service|ProfessionalService|QAPage|Question|Answer|TechArticle|ImageObject|WebPage|BreadcrumbList|ListItem,2026-07-11T21:15:58.817Z,2026-07-11T21:15:58.817Z,"index, follow, max-snippet:-1, max-image-preview:large",,true,2,false,10,,0,text/html; charset=utf-8,282,129061,208c19746201
https://pulserevops.com/knowledge/ev103,knowledge,200,Indexable,,1,Is Events worth it in 2027?,"It depends on your business model, target audience, and execution strategy—events in 2027 can be a powerful revenue driver or a costly distraction. When…",Is Events worth it in 2027?,1,12,2465,5582,0,1,0,48,14,0,https://pulserevops.com/knowledge/ev103,0,Person|Organization|Service|ProfessionalService|QAPage|Question|Answer|TechArticle|ImageObject|WebPage|BreadcrumbList|ListItem,2026-07-11T21:11:52.595Z,2026-07-11T21:11:52.595Z,"index, follow, max-snippet:-1, max-image-preview:large",,true,2,false,10,,0,text/html; charset=utf-8,292,143591,f81814e359f9
https://pulserevops.com/knowledge/ai440,knowledge,200,Indexable,,1,Top 10 best AI Infra options in 2027,"AI infrastructure in 2027 is no longer about a single vendor; it's about a curated stack that includes specialized accelerators, optimized networking, and…",Top 10 best AI Infra options in 2027,1,11,2590,5739,0,1,0,49,15,0,https://pulserevops.com/knowledge/ai440,0,Person|Organization|Service|ProfessionalService|QAPage|Question|Answer|TechArticle|ImageObject|WebPage|BreadcrumbList|ListItem,2026-07-11T21:10:24.112Z,2026-07-11T21:10:24.112Z,"index, follow, max-snippet:-1, max-image-preview:large",,true,2,false,10,,0,text/html; charset=utf-8,289,146995,d4ea01d5a908
https://pulserevops.com/knowledge/es353,knowledge,200,Indexable,,1,Is Espresso worth it in 2027?,"It depends. Whether Espresso is worth it in 2027 hinges on your specific need for a lightweight, low-code automation tool that prioritizes speed and…",Is Espresso worth it in 2027?,1,10,2415,5566,0,1,0,49,15,0,https://pulserevops.com/knowledge/es353,0,Person|Organization|Service|ProfessionalService|QAPage|Question|Answer|TechArticle|ImageObject|WebPage|BreadcrumbList|ListItem,2026-07-11T21:06:00.666Z,2026-07-11T21:06:00.666Z,"index, follow, max-snippet:-1, max-image-preview:large",,true,2,false,10,,0,text/html; charset=utf-8,278,144631,df094cfcd510
https://pulserevops.com/knowledge/tl21656,knowledge,200,Indexable,,1,Is Pulse Tools worth it in 2027?,"Yes, Pulse Tools remains a worthwhile investment in 2027 for teams that prioritize integrated customer data, automated workflows, and real-time revenue…",Is Pulse Tools worth it in 2027?,1,11,2596,5871,0,2,0,44,15,0,https://pulserevops.com/knowledge/tl21656,0,Person|Organization|Service|ProfessionalService|QAPage|Question|Answer|TechArticle|ImageObject|WebPage|BreadcrumbList|ListItem,2026-07-11T21:04:38.154Z,2026-07-11T21:04:38.154Z,"index, follow, max-snippet:-1, max-image-preview:large",,true,2,false,10,,0,text/html; charset=utf-8,234,139043,3b9e295e9ecd
https://pulserevops.com/knowledge/sw117,knowledge,200,Indexable,,1,Top 10 best Software options in 2027,"The best software options in 2027 are defined by their ability to integrate AI natively, unify data across silos, and adapt to rapidly changing business…",Top 10 best Software options in 2027,1,15,2052,4888,0,1,0,49,14,0,https://pulserevops.com/knowledge/sw117,0,Person|Organization|Service|ProfessionalService|QAPage|Question|Answer|TechArticle|ImageObject|WebPage|BreadcrumbList|ListItem,2026-07-11T20:59:10.279Z,2026-07-11T20:59:10.279Z,"index, follow, max-snippet:-1, max-image-preview:large",,true,2,false,10,,0,text/html; charset=utf-8,245,131094,5275fc3e45a3
https://pulserevops.com/knowledge/sc515,knowledge,200,Indexable,,1,Top 10 Schools strategies for 2027,These strategies are designed to help educational institutions—from K-12 to higher education—proactively adapt to a rapidly changing landscape. By…,Top 10 Schools strategies for 2027,1,15,2129,4963,0,1,0,48,15,0,https://pulserevops.com/knowledge/sc515,0,Person|Organization|Service|ProfessionalService|QAPage|Question|Answer|TechArticle|ImageObject|WebPage|BreadcrumbList|ListItem,2026-07-11T21:03:13.859Z,2026-07-11T21:03:13.859Z,"index, follow, max-snippet:-1, max-image-preview:large",,true,2,false,10,,0,text/html; charset=utf-8,259,138270,fa4c62f090f9
https://pulserevops.com/knowledge/ga138,knowledge,200,Indexable,,1,Top 10 best Gatherings options in 2027,"When evaluating Gatherings for 2027, focus on features like breakout rooms, interactive whiteboards, recording capabilities, and post-event analytics. The…",Top 10 best Gatherings options in 2027,1,11,2827,6332,0,1,0,49,15,0,https://pulserevops.com/knowledge/ga138,0,Person|Organization|Service|ProfessionalService|QAPage|Question|Answer|TechArticle|ImageObject|WebPage|BreadcrumbList|ListItem,2026-07-11T20:57:08.312Z,2026-07-11T20:57:08.312Z,"index, follow, max-snippet:-1, max-image-preview:large",,true,2,false,10,,0,text/html; charset=utf-8,300,151293,153945b330d4
https://pulserevops.com/knowledge/dn414,knowledge,200,Indexable,,1,What are the most common mistakes in Dining in 2027?,"The dining landscape in 2027 is defined by a delicate equilibrium between digital convenience and personal connection, operational agility, and authentic…",What are the most common mistakes in Dining in 2027?,1,10,2030,4845,0,1,0,49,15,0,https://pulserevops.com/knowledge/dn414,0,Person|Organization|Service|ProfessionalService|QAPage|Question|Answer|TechArticle|ImageObject|WebPage|BreadcrumbList|ListItem,2026-07-11T20:55:21.768Z,2026-07-11T20:55:21.768Z,"index, follow, max-snippet:-1, max-image-preview:large",,true,2,false,10,,0,text/html; charset=utf-8,264,153833,3ce155da695e
https://pulserevops.com/knowledge/gm66,knowledge,200,Indexable,,1,Is Gaming worth it in 2027?,"Yes, gaming remains a worthwhile investment in 2027, but the value proposition has shifted significantly compared to previous years. The industry now offers…",Is Gaming worth it in 2027?,1,11,2007,4772,0,1,0,46,14,0,https://pulserevops.com/knowledge/gm66,0,Person|Organization|Service|ProfessionalService|QAPage|Question|Answer|TechArticle|ImageObject|WebPage|BreadcrumbList|ListItem,2026-07-11T20:51:20.362Z,2026-07-11T20:51:20.362Z,"index, follow, max-snippet:-1, max-image-preview:large",,true,2,false,10,,0,text/html; charset=utf-8,237,139081,7d4ebee72092
https://pulserevops.com/knowledge/bo341,knowledge,200,Indexable,,1,What are the most common mistakes in Buildouts in 2027?,"The revenue technology landscape has evolved rapidly, with AI-driven automation and composable architectures becoming standard, yet human error in planning…",What are the most common mistakes in Buildouts in 2027?,1,11,2005,4693,0,1,0,51,12,0,https://pulserevops.com/knowledge/bo341,0,Person|Organization|Service|ProfessionalService|QAPage|Question|Answer|TechArticle|ImageObject|WebPage|BreadcrumbList|ListItem,2026-07-11T20:52:08.616Z,2026-07-11T20:52:08.616Z,"index, follow, max-snippet:-1, max-image-preview:large",,true,2,false,10,,0,text/html; charset=utf-8,302,140589,76dcf6f09cd2
https://pulserevops.com/knowledge/q19004,knowledge,200,Indexable,,1,How do you get started with Q&A in 2027?,"In 2027, the Q&A landscape has evolved beyond simple forums into intelligent, context-aware ecosystems. Whether you're launching a new community, adding Q&A…",How do you get started with Q&A in 2027?,1,11,2228,5174,0,1,0,48,14,0,https://pulserevops.com/knowledge/q19004,0,Person|Organization|Service|ProfessionalService|QAPage|Question|Answer|TechArticle|ImageObject|WebPage|BreadcrumbList|ListItem,2026-07-11T20:50:29.644Z,2026-07-11T20:50:29.644Z,"index, follow, max-snippet:-1, max-image-preview:large",,true,2,false,10,,0,text/html; charset=utf-8,222,133045,1ae08d027c24
https://pulserevops.com/knowledge/gm65,knowledge,200,Indexable,,1,What are the most common mistakes in Gaming in 2027?,"No, there is no single ""most common mistake"" in gaming in 2027, but the most pervasive failures stem from a combination of over-monetization, neglecting…",What are the most common mistakes in Gaming in 2027?,1,11,2335,5511,0,1,0,48,15,0,https://pulserevops.com/knowledge/gm65,0,Person|Organization|Service|ProfessionalService|QAPage|Question|Answer|TechArticle|ImageObject|WebPage|BreadcrumbList|ListItem,2026-07-11T20:49:22.149Z,2026-07-11T20:49:22.149Z,"index, follow, max-snippet:-1, max-image-preview:large",,true,2,false,10,,0,text/html; charset=utf-8,241,145245,c0b1cf8a560f
https://pulserevops.com/knowledge/ev102,knowledge,200,Indexable,,1,What are the most common mistakes in Events in 2027?,"In 2027, events are no longer just gatherings—they are complex, data-rich ecosystems that must be woven into the broader RevOps framework. The most frequent…",What are the most common mistakes in Events in 2027?,1,11,2494,5673,0,1,0,52,14,0,https://pulserevops.com/knowledge/ev102,0,Person|Organization|Service|ProfessionalService|QAPage|Question|Answer|TechArticle|ImageObject|WebPage|BreadcrumbList|ListItem,2026-07-11T20:45:55.621Z,2026-07-11T20:45:55.621Z,"index, follow, max-snippet:-1, max-image-preview:large",,true,2,false,10,,0,text/html; charset=utf-8,276,146082,0ed2b34f06c4
https://pulserevops.com/knowledge/es352,knowledge,200,Indexable,,1,How do you get started with Espresso in 2027?,"Espresso in 2027 offers a streamlined onboarding experience, from initial account creation to integrating with your existing tech stack. By focusing on…",How do you get started with Espresso in 2027?,1,12,2018,4699,0,1,0,46,13,0,https://pulserevops.com/knowledge/es352,0,Person|Organization|Service|ProfessionalService|QAPage|Question|Answer|TechArticle|ImageObject|WebPage|BreadcrumbList|ListItem,2026-07-11T20:43:31.584Z,2026-07-11T20:43:31.584Z,"index, follow, max-snippet:-1, max-image-preview:large",,true,2,false,10,,0,text/html; charset=utf-8,281,137389,df14e7eb7271
https://pulserevops.com/knowledge/tv287,knowledge,200,Indexable,,1,Is TVs worth it in 2027?,"Yes, TVs remain worth it in 2027, but only if you prioritize immersive entertainment, gaming, or shared viewing experiences over the convenience of mobile or…",Is TVs worth it in 2027?,1,11,2151,5196,0,1,0,52,14,0,https://pulserevops.com/knowledge/tv287,0,Person|Organization|Service|ProfessionalService|QAPage|Question|Answer|TechArticle|ImageObject|WebPage|BreadcrumbList|ListItem,2026-07-11T20:42:42.875Z,2026-07-11T20:42:42.875Z,"index, follow, max-snippet:-1, max-image-preview:large",,true,2,false,10,,0,text/html; charset=utf-8,269,133062,7183b3565823
https://pulserevops.com/knowledge/dn413,knowledge,200,Indexable,,1,Top 10 best Dining options in 2027,"In 2027, the dining landscape has evolved beyond traditional fine dining into a spectrum of experiences—from chef-led, ingredient-driven pop-ups to fully…",Top 10 best Dining options in 2027,1,14,2736,6061,0,1,0,46,15,0,https://pulserevops.com/knowledge/dn413,0,Person|Organization|Service|ProfessionalService|QAPage|Question|Answer|TechArticle|ImageObject|WebPage|BreadcrumbList|ListItem,2026-07-11T20:41:37.800Z,2026-07-11T20:41:37.800Z,"index, follow, max-snippet:-1, max-image-preview:large",,true,2,false,10,,0,text/html; charset=utf-8,467,162055,828f7764c250
https://pulserevops.com/knowledge/sc514,knowledge,200,Indexable,,1,How much does Schools cost in 2027?,"The landscape of education costs in 2027 has been shaped by persistent inflation, policy shifts, and technological adoption. While public K–12 education…",How much does Schools cost in 2027?,1,11,1900,4473,0,1,0,48,15,0,https://pulserevops.com/knowledge/sc514,0,Person|Organization|Service|ProfessionalService|QAPage|Question|Answer|TechArticle|ImageObject|WebPage|BreadcrumbList|ListItem,2026-07-11T20:40:19.222Z,2026-07-11T20:40:19.222Z,"index, follow, max-snippet:-1, max-image-preview:large",,true,2,false,10,,0,text/html; charset=utf-8,265,133682,cf00577d539e
https://pulserevops.com/knowledge/rs284,knowledge,200,Indexable,,1,What is the best way to approach Resorts in 2027?,The best way to approach resorts in 2027 is to shift from a transactional hospitality model to a relationship-driven ecosystem that blends advanced…,What is the best way to approach Resorts in 2027?,1,11,2374,5372,0,1,0,48,14,0,https://pulserevops.com/knowledge/rs284,0,Person|Organization|Service|ProfessionalService|QAPage|Question|Answer|TechArticle|ImageObject|WebPage|BreadcrumbList|ListItem,2026-07-11T20:38:20.371Z,2026-07-11T20:38:20.371Z,"index, follow, max-snippet:-1, max-image-preview:large",,true,2,false,10,,0,text/html; charset=utf-8,261,144804,01549bfd66ad
https://pulserevops.com/knowledge/mv52,knowledge,200,Indexable,,1,How much does Movies cost in 2027?,The price you pay for a movie in 2027 is no longer a single number. It is a spectrum ranging from a budget-friendly streaming rental to a premium theatrical…,How much does Movies cost in 2027?,1,11,2456,5580,0,2,0,44,15,0,https://pulserevops.com/knowledge/mv52,0,Person|Organization|Service|ProfessionalService|QAPage|Question|Answer|TechArticle|ImageObject|WebPage|BreadcrumbList|ListItem,2026-07-11T20:33:41.287Z,2026-07-11T20:33:41.287Z,"index, follow, max-snippet:-1, max-image-preview:large",,true,2,false,10,,0,text/html; charset=utf-8,248,135935,90d8872fa223
https://pulserevops.com/knowledge/bo340,knowledge,200,Indexable,,1,How do you get started with Buildouts in 2027?,"To get started with Buildouts in 2027, you begin by defining your commercial real estate portfolio strategy and selecting the appropriate deployment…",How do you get started with Buildouts in 2027?,1,11,2377,5528,0,1,0,49,13,0,https://pulserevops.com/knowledge/bo340,0,Person|Organization|Service|ProfessionalService|QAPage|Question|Answer|TechArticle|ImageObject|WebPage|BreadcrumbList|ListItem,2026-07-11T20:32:18.494Z,2026-07-11T20:32:18.494Z,"index, follow, max-snippet:-1, max-image-preview:large",,true,2,false,10,,0,text/html; charset=utf-8,243,145804,9348126f5502
https://pulserevops.com/knowledge/ga137,knowledge,200,Indexable,,1,What is the best way to approach Gatherings in 2027?,"The era of the one-size-fits-all gathering is over. In 2027, success hinges on creating a cohesive ecosystem where pre-event networking, live sessions, and…",What is the best way to approach Gatherings in 2027?,1,10,2192,5166,0,1,0,48,15,0,https://pulserevops.com/knowledge/ga137,0,Person|Organization|Service|ProfessionalService|QAPage|Question|Answer|TechArticle|ImageObject|WebPage|BreadcrumbList|ListItem,2026-07-11T20:30:50.530Z,2026-07-11T20:30:50.530Z,"index, follow, max-snippet:-1, max-image-preview:large",,true,2,false,10,,0,text/html; charset=utf-8,293,141279,e7a56c192202
https://pulserevops.com/knowledge/cl155,knowledge,200,Indexable,,1,Is Cologne worth it in 2027?,"Cologne offers a compelling blend of ancient history, modern culture, and a famously welcoming local spirit. While it lacks the fairy-tale perfection of…",Is Cologne worth it in 2027?,1,10,2587,5901,0,1,0,47,15,0,https://pulserevops.com/knowledge/cl155,0,Person|Organization|Service|ProfessionalService|QAPage|Question|Answer|TechArticle|ImageObject|WebPage|BreadcrumbList|ListItem,2026-07-11T20:29:24.454Z,2026-07-11T20:29:24.454Z,"index, follow, max-snippet:-1, max-image-preview:large",,true,2,false,10,,0,text/html; charset=utf-8,281,143510,ce5a9b4aef90
https://pulserevops.com/knowledge/pt575,knowledge,200,Indexable,,1,Top 10 best Pets options in 2027,"Choosing a pet in 2027 means considering factors like climate resilience, digital health monitoring, and eco-friendly supplies. From classic dogs and cats to…",Top 10 best Pets options in 2027,1,11,1982,4683,0,1,0,46,15,0,https://pulserevops.com/knowledge/pt575,0,Person|Organization|Service|ProfessionalService|QAPage|Question|Answer|TechArticle|ImageObject|WebPage|BreadcrumbList|ListItem,2026-07-11T20:25:27.507Z,2026-07-11T20:25:27.507Z,"index, follow, max-snippet:-1, max-image-preview:large",,true,2,false,10,,0,text/html; charset=utf-8,277,126969,bad5854a83fc
https://pulserevops.com/knowledge/tl21655,knowledge,200,Indexable,,1,Top 10 best Pulse Tools options in 2027,"Yes, there are several outstanding Pulse Tools options in 2027 that cater to diverse business needs—from lightweight scheduling to full-fledged revenue…",Top 10 best Pulse Tools options in 2027,1,12,2228,5122,0,2,0,53,14,0,https://pulserevops.com/knowledge/tl21655,0,Person|Organization|Service|ProfessionalService|QAPage|Question|Answer|TechArticle|ImageObject|WebPage|BreadcrumbList|ListItem,2026-07-11T20:17:54.938Z,2026-07-11T20:17:54.938Z,"index, follow, max-snippet:-1, max-image-preview:large",,true,2,false,10,,0,text/html; charset=utf-8,264,134636,c950bca079a7
https://pulserevops.com/knowledge/ai439,knowledge,200,Indexable,,1,What should you know before investing in AI Infra in 2027?,"The landscape of AI infrastructure in 2027 is defined by a convergence of specialized hardware, software-defined networking, and edge computing. Gone are the…",What should you know before investing in AI Infra in 2027?,1,11,1987,4684,0,1,0,48,15,0,https://pulserevops.com/knowledge/ai439,0,Person|Organization|Service|ProfessionalService|QAPage|Question|Answer|TechArticle|ImageObject|WebPage|BreadcrumbList|ListItem,2026-07-11T20:15:24.489Z,2026-07-11T20:15:24.489Z,"index, follow, max-snippet:-1, max-image-preview:large",,true,2,false,10,,0,text/html; charset=utf-8,252,137728,4e061198fa09
https://pulserevops.com/knowledge/nl232,knowledge,200,Indexable,,1,What are the most common mistakes in Nightlife in 2027?,The nightlife industry in 2027 is a high-stakes arena where margins are thin and guest loyalty is fickle. Success now hinges on seamlessly blending digital…,What are the most common mistakes in Nightlife in 2027?,1,11,2053,4868,0,1,0,48,13,0,https://pulserevops.com/knowledge/nl232,0,Person|Organization|Service|ProfessionalService|QAPage|Question|Answer|TechArticle|ImageObject|WebPage|BreadcrumbList|ListItem,2026-07-11T20:11:51.264Z,2026-07-11T20:11:51.264Z,"index, follow, max-snippet:-1, max-image-preview:large",,true,2,false,10,,0,text/html; charset=utf-8,277,142446,4abe341bcbef
https://pulserevops.com/knowledge/sk101,knowledge,200,Indexable,,1,How do you get started with Skill Drills in 2027?,"The most effective 2027 approach involves leveraging AI-powered platforms that automate drill creation, delivery, and feedback loops, ensuring that Skill…",How do you get started with Skill Drills in 2027?,1,11,2027,4730,0,1,0,45,14,0,https://pulserevops.com/knowledge/sk101,0,Person|Organization|Service|ProfessionalService|QAPage|Question|Answer|TechArticle|ImageObject|WebPage|BreadcrumbList|ListItem,2026-07-11T20:10:42.734Z,2026-07-11T20:10:42.734Z,"index, follow, max-snippet:-1, max-image-preview:large",,true,2,false,10,,0,text/html; charset=utf-8,247,131632,8e1e6ee2b1ae
https://pulserevops.com/knowledge/bt414,knowledge,200,Indexable,,1,What should you know before investing in Boats in 2027?,"The boating market in 2027 presents both opportunities and pitfalls, with rising interest rates, evolving environmental regulations, and the growing…",What should you know before investing in Boats in 2027?,1,12,2224,5196,0,1,0,47,15,0,https://pulserevops.com/knowledge/bt414,0,Person|Organization|Service|ProfessionalService|QAPage|Question|Answer|TechArticle|ImageObject|WebPage|BreadcrumbList|ListItem,2026-07-11T20:09:36.570Z,2026-07-11T20:09:36.570Z,"index, follow, max-snippet:-1, max-image-preview:large",,true,2,false,10,,0,text/html; charset=utf-8,265,140542,88e307a76651
https://pulserevops.com/knowledge/cl154,knowledge,200,Indexable,,1,Top 10 Cologne strategies for 2027,"The top cologne strategies for 2027 will revolve around personalization, sustainability, and technological integration, moving beyond simple scent selection…",Top 10 Cologne strategies for 2027,1,15,2721,6231,0,1,0,48,15,0,https://pulserevops.com/knowledge/cl154,0,Person|Organization|Service|ProfessionalService|QAPage|Question|Answer|TechArticle|ImageObject|WebPage|BreadcrumbList|ListItem,2026-07-11T20:05:52.829Z,2026-07-11T20:05:52.829Z,"index, follow, max-snippet:-1, max-image-preview:large",,true,2,false,10,,0,text/html; charset=utf-8,271,144754,4c2b1e89c2dc
https://pulserevops.com/knowledge/mv51,knowledge,200,Indexable,,1,What should you know before investing in Movies in 2027?,"The film industry in 2027 is a complex ecosystem where traditional theatrical releases coexist with direct-to-streaming models, fractional ownership…",What should you know before investing in Movies in 2027?,1,11,2214,5348,0,1,0,49,15,0,https://pulserevops.com/knowledge/mv51,0,Person|Organization|Service|ProfessionalService|QAPage|Question|Answer|TechArticle|ImageObject|WebPage|BreadcrumbList|ListItem,2026-07-11T20:04:52.911Z,2026-07-11T20:04:52.911Z,"index, follow, max-snippet:-1, max-image-preview:large",,true,2,false,10,,0,text/html; charset=utf-8,259,138594,0e8c161eb28e
https://pulserevops.com/knowledge/tn144,knowledge,200,Indexable,,1,Top 10 Towns strategies for 2027,"As we move further into 2027, the landscape of revenue operations is evolving rapidly. Companies that succeed will be those that move beyond siloed tools and…",Top 10 Towns strategies for 2027,1,11,2176,5136,0,1,0,49,13,0,https://pulserevops.com/knowledge/tn144,0,Person|Organization|Service|ProfessionalService|QAPage|Question|Answer|TechArticle|ImageObject|WebPage|BreadcrumbList|ListItem,2026-07-11T20:02:04.499Z,2026-07-11T20:02:04.499Z,"index, follow, max-snippet:-1, max-image-preview:large",,true,2,false,10,,0,text/html; charset=utf-8,248,134844,13c8ce903094
https://pulserevops.com/knowledge/pt574,knowledge,200,Indexable,,1,How do you get started with Pets in 2027?,"The pet ownership landscape in 2027 blends convenience with responsibility, leveraging AI-driven tools and sustainable practices to ensure both you and your…",How do you get started with Pets in 2027?,1,11,2144,4981,0,1,0,48,15,0,https://pulserevops.com/knowledge/pt574,0,Person|Organization|Service|ProfessionalService|QAPage|Question|Answer|TechArticle|ImageObject|WebPage|BreadcrumbList|ListItem,2026-07-11T19:59:19.466Z,2026-07-11T19:59:19.466Z,"index, follow, max-snippet:-1, max-image-preview:large",,true,2,false,10,,0,text/html; charset=utf-8,276,128945,7db1ed82600b
https://pulserevops.com/knowledge/es351,knowledge,200,Indexable,,1,How much does Espresso cost in 2027?,"The cost of espresso in 2027 is shaped by a confluence of global and local factors, including coffee commodity prices, supply chain stability, and consumer…",How much does Espresso cost in 2027?,1,10,2012,4759,0,1,0,49,15,0,https://pulserevops.com/knowledge/es351,0,Person|Organization|Service|ProfessionalService|QAPage|Question|Answer|TechArticle|ImageObject|WebPage|BreadcrumbList|ListItem,2026-07-11T19:57:10.243Z,2026-07-11T19:57:10.243Z,"index, follow, max-snippet:-1, max-image-preview:large",,true,2,false,10,,0,text/html; charset=utf-8,273,136481,75ba7f1996a2
https://pulserevops.com/knowledge/tv286,knowledge,200,Indexable,,1,What should you know before investing in TVs in 2027?,"Before making a purchase, you should understand that the TV landscape in 2027 is defined by the maturation of microLED and QD-OLED displays, the widespread…",What should you know before investing in TVs in 2027?,1,11,2617,5843,0,1,0,50,15,0,https://pulserevops.com/knowledge/tv286,0,Person|Organization|Service|ProfessionalService|QAPage|Question|Answer|TechArticle|ImageObject|WebPage|BreadcrumbList|ListItem,2026-07-11T19:55:58.080Z,2026-07-11T19:55:58.080Z,"index, follow, max-snippet:-1, max-image-preview:large",,true,2,false,10,,0,text/html; charset=utf-8,246,137609,8315356e265d
https://pulserevops.com/knowledge/ai438,knowledge,200,Indexable,,1,What is the best way to approach AI Infra in 2027?,"The era of one-size-fits-all AI infrastructure is over. By 2027, organizations must treat AI infra as a strategic asset, not a commodity. The optimal path…",What is the best way to approach AI Infra in 2027?,1,11,2212,5147,0,1,0,50,15,0,https://pulserevops.com/knowledge/ai438,0,Person|Organization|Service|ProfessionalService|QAPage|Question|Answer|TechArticle|ImageObject|WebPage|BreadcrumbList|ListItem,2026-07-11T19:53:30.426Z,2026-07-11T19:53:30.426Z,"index, follow, max-snippet:-1, max-image-preview:large",,true,2,false,10,,0,text/html; charset=utf-8,262,141862,be20970ff476
https://pulserevops.com/knowledge/sw116,knowledge,200,Indexable,,1,What should you know before investing in Software in 2027?,"The software investment landscape in 2027 is defined by three core shifts: the maturity of artificial intelligence as a core functionality, the rise of…",What should you know before investing in Software in 2027?,1,11,2091,4937,0,1,0,51,15,0,https://pulserevops.com/knowledge/sw116,0,Person|Organization|Service|ProfessionalService|QAPage|Question|Answer|TechArticle|ImageObject|WebPage|BreadcrumbList|ListItem,2026-07-11T19:51:05.100Z,2026-07-11T19:51:05.100Z,"index, follow, max-snippet:-1, max-image-preview:large",,true,2,false,10,,0,text/html; charset=utf-8,228,131925,a60d048b0eb3
https://pulserevops.com/knowledge/gm64,knowledge,200,Indexable,,1,What should you know before investing in Gaming in 2027?,"Before committing capital, investors must recognize that gaming has transitioned from hardware-driven cycles to service-based models, with predictable income…",What should you know before investing in Gaming in 2027?,1,11,2144,4999,0,1,0,48,15,0,https://pulserevops.com/knowledge/gm64,0,Person|Organization|Service|ProfessionalService|QAPage|Question|Answer|TechArticle|ImageObject|WebPage|BreadcrumbList|ListItem,2026-07-11T19:52:18.701Z,2026-07-11T19:52:18.701Z,"index, follow, max-snippet:-1, max-image-preview:large",,true,2,false,10,,0,text/html; charset=utf-8,283,142212,dfe09e59ede2
https://pulserevops.com/knowledge/bt413,knowledge,200,Indexable,,1,How much does Boats cost in 2027?,"In 2027, the boating market continues to evolve with rising demand for electric and hybrid models, which often carry a premium upfront but lower long-term…",How much does Boats cost in 2027?,1,11,2011,4758,0,1,0,47,15,0,https://pulserevops.com/knowledge/bt413,0,Person|Organization|Service|ProfessionalService|QAPage|Question|Answer|TechArticle|ImageObject|WebPage|BreadcrumbList|ListItem,2026-07-11T19:39:27.239Z,2026-07-11T19:39:27.239Z,"index, follow, max-snippet:-1, max-image-preview:large",,true,2,false,10,,0,text/html; charset=utf-8,238,134357,fc8d1ed8decb
https://pulserevops.com/knowledge/ga136,knowledge,200,Indexable,,1,What are the most common mistakes in Gatherings in 2027?,"Yes, there are several common mistakes in gatherings in 2027, ranging from over-reliance on remote-hybrid technology to neglecting attendee data privacy. The…",What are the most common mistakes in Gatherings in 2027?,1,10,2277,5274,0,1,0,49,15,0,https://pulserevops.com/knowledge/ga136,0,Person|Organization|Service|ProfessionalService|QAPage|Question|Answer|TechArticle|ImageObject|WebPage|BreadcrumbList|ListItem,2026-07-11T19:47:15.114Z,2026-07-11T19:47:15.114Z,"index, follow, max-snippet:-1, max-image-preview:large",,true,2,false,10,,0,text/html; charset=utf-8,265,144111,0ddf1d7f49af
https://pulserevops.com/knowledge/dn412,knowledge,200,Indexable,,1,How do you get started with Dining in 2027?,"The dining experience in 2027 is no longer a simple transaction but a curated, data-informed journey. From the moment you think about eating, your digital…",How do you get started with Dining in 2027?,1,11,2452,5666,0,1,0,50,15,0,https://pulserevops.com/knowledge/dn412,0,Person|Organization|Service|ProfessionalService|QAPage|Question|Answer|TechArticle|ImageObject|WebPage|BreadcrumbList|ListItem,2026-07-11T19:36:26.085Z,2026-07-11T19:36:26.085Z,"index, follow, max-snippet:-1, max-image-preview:large",,true,2,false,10,,0,text/html; charset=utf-8,273,158295,97fb7f9cac4c
https://pulserevops.com/knowledge/q19003,knowledge,200,Indexable,,1,What is the best way to approach Q&A in 2027?,"In 2027, the landscape of customer and internal Q&A has shifted dramatically. The proliferation of sophisticated AI agents and chatbots means that simple…",What is the best way to approach Q&A in 2027?,1,11,2717,6320,0,1,0,50,14,0,https://pulserevops.com/knowledge/q19003,0,Person|Organization|Service|ProfessionalService|QAPage|Question|Answer|TechArticle|ImageObject|WebPage|BreadcrumbList|ListItem,2026-07-11T19:33:16.041Z,2026-07-11T19:33:16.041Z,"index, follow, max-snippet:-1, max-image-preview:large",,true,2,false,10,,0,text/html; charset=utf-8,240,141189,d4b3fe57aee8
https://pulserevops.com/knowledge/tl21654,knowledge,200,Indexable,,1,How do you get started with Pulse Tools in 2027?,"Yes, getting started with Pulse Tools in 2027 is straightforward and designed for rapid onboarding, requiring only a few minutes to configure core…",How do you get started with Pulse Tools in 2027?,1,11,2472,5691,0,2,0,47,12,0,https://pulserevops.com/knowledge/tl21654,0,Person|Organization|Service|ProfessionalService|QAPage|Question|Answer|TechArticle|ImageObject|WebPage|BreadcrumbList|ListItem,2026-07-11T19:29:46.663Z,2026-07-11T19:29:46.663Z,"index, follow, max-snippet:-1, max-image-preview:large",,true,2,false,10,,0,text/html; charset=utf-8,264,136690,6260e331ec81
https://pulserevops.com/knowledge/rs283,knowledge,200,Indexable,,1,How do you get started with Resorts in 2027?,"To succeed in 2027, you must first define your resort concept and target audience, then build a tech stack that supports seamless operations from booking to…",How do you get started with Resorts in 2027?,1,11,2137,4999,0,1,0,44,15,0,https://pulserevops.com/knowledge/rs283,0,Person|Organization|Service|ProfessionalService|QAPage|Question|Answer|TechArticle|ImageObject|WebPage|BreadcrumbList|ListItem,2026-07-11T19:31:42.822Z,2026-07-11T19:31:42.822Z,"index, follow, max-snippet:-1, max-image-preview:large",,true,2,false,10,,0,text/html; charset=utf-8,293,139219,e52a7349edd8
https://pulserevops.com/knowledge/bo339,knowledge,200,Indexable,,1,What is the best way to approach Buildouts in 2027?,"In 2027, the Buildouts landscape has evolved beyond simple CRM configuration into a strategic operational discipline. The most effective approach centers on…",What is the best way to approach Buildouts in 2027?,1,11,2424,5579,0,1,0,47,15,0,https://pulserevops.com/knowledge/bo339,0,Person|Organization|Service|ProfessionalService|QAPage|Question|Answer|TechArticle|ImageObject|WebPage|BreadcrumbList|ListItem,2026-07-11T19:25:29.286Z,2026-07-11T19:25:29.286Z,"index, follow, max-snippet:-1, max-image-preview:large",,true,2,false,10,,0,text/html; charset=utf-8,248,146737,104f6d5fd7d4
https://pulserevops.com/knowledge/tn143,knowledge,200,Indexable,,1,Top 10 best Towns options in 2027,"Towns in 2027 are increasingly defined by their ability to balance modern conveniences with small-town charm, from high-speed internet access to walkable…",Top 10 best Towns options in 2027,1,11,2261,5241,0,1,0,49,15,0,https://pulserevops.com/knowledge/tn143,0,Person|Organization|Service|ProfessionalService|QAPage|Question|Answer|TechArticle|ImageObject|WebPage|BreadcrumbList|ListItem,2026-07-11T19:24:54.522Z,2026-07-11T19:24:54.522Z,"index, follow, max-snippet:-1, max-image-preview:large",,true,2,false,10,,0,text/html; charset=utf-8,251,136844,52e5419862b2
https://pulserevops.com/knowledge/sc513,knowledge,200,Indexable,,1,What should you know before investing in Schools in 2027?,"The school investment landscape in 2027 is defined by declining birth rates in many developed nations, a surge in demand for lifelong learning and…",What should you know before investing in Schools in 2027?,1,10,2410,5632,0,1,0,51,14,0,https://pulserevops.com/knowledge/sc513,0,Person|Organization|Service|ProfessionalService|QAPage|Question|Answer|TechArticle|ImageObject|WebPage|BreadcrumbList|ListItem,2026-07-11T19:24:16.380Z,2026-07-11T19:24:16.380Z,"index, follow, max-snippet:-1, max-image-preview:large",,true,2,false,10,,0,text/html; charset=utf-8,260,141813,bcfb9f9193f7
https://pulserevops.com/knowledge/tn142,knowledge,200,Indexable,,1,What should you know before investing in Towns in 2027?,Towns is a decentralized communication protocol and token-gated platform that aims to redefine online communities by giving users ownership and control…,What should you know before investing in Towns in 2027?,1,11,1954,4720,0,1,0,50,15,0,https://pulserevops.com/knowledge/tn142,0,Person|Organization|Service|ProfessionalService|QAPage|Question|Answer|TechArticle|ImageObject|WebPage|BreadcrumbList|ListItem,2026-07-11T19:23:45.061Z,2026-07-11T19:23:45.061Z,"index, follow, max-snippet:-1, max-image-preview:large",,true,2,false,10,,0,text/html; charset=utf-8,284,133339,870223ed1e89
https://pulserevops.com/knowledge/lv125,knowledge,200,Indexable,,1,Top 10 Lux Vacations strategies for 2027,"To stay competitive in the luxury travel market for 2027, providers must shift from standard offerings to bespoke, purpose-driven journeys that prioritize…",Top 10 Lux Vacations strategies for 2027,1,13,2727,6074,0,1,0,48,15,0,https://pulserevops.com/knowledge/lv125,0,Person|Organization|Service|ProfessionalService|QAPage|Question|Answer|TechArticle|ImageObject|WebPage|BreadcrumbList|ListItem,2026-07-11T19:18:47.272Z,2026-07-11T19:18:47.272Z,"index, follow, max-snippet:-1, max-image-preview:large",,true,2,false,10,,0,text/html; charset=utf-8,257,145593,f5a2d4eba045
https://pulserevops.com/knowledge/ev101,knowledge,200,Indexable,,1,Top 10 Events strategies for 2027,"The events landscape is undergoing a rapid evolution, driven by changing attendee expectations and the need for measurable business impact. RevOps leaders…",Top 10 Events strategies for 2027,1,15,2707,6085,0,1,0,44,14,0,https://pulserevops.com/knowledge/ev101,0,Person|Organization|Service|ProfessionalService|QAPage|Question|Answer|TechArticle|ImageObject|WebPage|BreadcrumbList|ListItem,2026-07-11T19:20:08.951Z,2026-07-11T19:20:08.951Z,"index, follow, max-snippet:-1, max-image-preview:large",,true,2,false,10,,0,text/html; charset=utf-8,330,146081,773b9176e613
https://pulserevops.com/knowledge/lv124,knowledge,200,Indexable,,1,Is Lux Vacations worth it in 2027?,"It depends on your travel priorities and budget. Lux Vacations can be worth it in 2027 if you value curated, all-inclusive luxury experiences with…",Is Lux Vacations worth it in 2027?,1,11,2768,6253,0,1,0,47,16,0,https://pulserevops.com/knowledge/lv124,0,Person|Organization|Service|ProfessionalService|QAPage|Question|Answer|TechArticle|ImageObject|WebPage|BreadcrumbList|ListItem,2026-07-11T19:17:28.981Z,2026-07-11T19:17:28.981Z,"index, follow, max-snippet:-1, max-image-preview:large",,true,2,false,10,,0,text/html; charset=utf-8,305,145613,1a02a1d47ba4
https://pulserevops.com/knowledge/lv123,knowledge,200,Indexable,,1,What are the most common mistakes in Lux Vacations in 2027?,"In 2027, the luxury travel landscape is defined by a demand for authentic, hyper-personalized, and sustainable experiences. Mistakes arise when providers…",What are the most common mistakes in Lux Vacations in 2027?,1,12,3174,7167,0,1,0,46,15,0,https://pulserevops.com/knowledge/lv123,0,Person|Organization|Service|ProfessionalService|QAPage|Question|Answer|TechArticle|ImageObject|WebPage|BreadcrumbList|ListItem,2026-07-11T19:16:09.990Z,2026-07-11T19:16:09.990Z,"index, follow, max-snippet:-1, max-image-preview:large",,true,2,false,10,,0,text/html; charset=utf-8,248,152126,49d3be5d0640
https://pulserevops.com/knowledge/lv122,knowledge,200,Indexable,,1,How much does Lux Vacations cost in 2027?,"It depends on your travel preferences, group size, and the specific itinerary you choose, as Lux Vacations operates on a custom-quoting model rather than…",How much does Lux Vacations cost in 2027?,1,11,2144,4953,0,1,0,46,12,0,https://pulserevops.com/knowledge/lv122,0,Person|Organization|Service|ProfessionalService|QAPage|Question|Answer|TechArticle|ImageObject|WebPage|BreadcrumbList|ListItem,2026-07-11T19:14:44.152Z,2026-07-11T19:14:44.152Z,"index, follow, max-snippet:-1, max-image-preview:large",,true,2,false,10,,0,text/html; charset=utf-8,249,134935,c8044678c19e
https://pulserevops.com/knowledge/lv121,knowledge,200,Indexable,,1,Top 10 best Lux Vacations options in 2027,"The modern luxury traveler seeks more than opulence; they demand authenticity, exclusivity, and a positive impact on the destinations they visit. This shift…",Top 10 best Lux Vacations options in 2027,1,9,2464,5778,0,1,0,49,15,0,https://pulserevops.com/knowledge/lv121,0,Person|Organization|Service|ProfessionalService|QAPage|Question|Answer|TechArticle|ImageObject|WebPage|BreadcrumbList|ListItem,2026-07-11T19:13:38.359Z,2026-07-11T19:13:38.359Z,"index, follow, max-snippet:-1, max-image-preview:large",,true,2,false,10,,0,text/html; charset=utf-8,291,143147,95be114c21d3
https://pulserevops.com/knowledge/lv120,knowledge,200,Indexable,,1,What should you know before investing in Lux Vacations in 2027?,"Lux Vacations positions itself as a luxury travel membership club that provides discounted access to upscale villas, resorts, and cruises. However, the…",What should you know before investing in Lux Vacations in 2027?,1,11,2218,5212,0,1,0,48,15,0,https://pulserevops.com/knowledge/lv120,0,Person|Organization|Service|ProfessionalService|QAPage|Question|Answer|TechArticle|ImageObject|WebPage|BreadcrumbList|ListItem,2026-07-11T19:12:24.558Z,2026-07-11T19:12:24.558Z,"index, follow, max-snippet:-1, max-image-preview:large",,true,2,false,10,,0,text/html; charset=utf-8,251,137963,0d25a97f1a66
https://pulserevops.com/knowledge/lv119,knowledge,200,Indexable,,1,How do you get started with Lux Vacations in 2027?,"To begin your journey with Lux Vacations in 2027, start by exploring their updated collection of destinations and properties, which now includes sustainable…",How do you get started with Lux Vacations in 2027?,1,11,2029,4833,0,1,0,44,13,0,https://pulserevops.com/knowledge/lv119,0,Person|Organization|Service|ProfessionalService|QAPage|Question|Answer|TechArticle|ImageObject|WebPage|BreadcrumbList|ListItem,2026-07-11T19:11:15.839Z,2026-07-11T19:11:15.839Z,"index, follow, max-snippet:-1, max-image-preview:large",,true,2,false,10,,0,text/html; charset=utf-8,257,135213,0d05191cc7a6
https://pulserevops.com/knowledge/lv118,knowledge,200,Indexable,,1,What is the best way to approach Lux Vacations in 2027?,"Approaching Lux Vacations in 2027 requires a shift from traditional luxury travel to a more intentional, curated, and future-focused mindset. This means…",What is the best way to approach Lux Vacations in 2027?,1,11,2509,5744,0,1,0,48,14,0,https://pulserevops.com/knowledge/lv118,0,Person|Organization|Service|ProfessionalService|QAPage|Question|Answer|TechArticle|ImageObject|WebPage|BreadcrumbList|ListItem,2026-07-11T19:10:12.545Z,2026-07-11T19:10:12.545Z,"index, follow, max-snippet:-1, max-image-preview:large",,true,2,false,10,,0,text/html; charset=utf-8,223,142550,8dbe2176a5bd
https://pulserevops.com/knowledge/sc512,knowledge,200,Indexable,,1,What is the best way to approach Schools in 2027?,"The education sector in 2027 is defined by cautious but intentional investment, with schools seeking proven, scalable solutions that align with state and…",What is the best way to approach Schools in 2027?,1,11,2028,4740,0,1,0,44,15,0,https://pulserevops.com/knowledge/sc512,0,Person|Organization|Service|ProfessionalService|QAPage|Question|Answer|TechArticle|ImageObject|WebPage|BreadcrumbList|ListItem,2026-07-11T19:08:36.670Z,2026-07-11T19:08:36.670Z,"index, follow, max-snippet:-1, max-image-preview:large",,true,2,false,10,,0,text/html; charset=utf-8,280,133743,919993b86655
https://pulserevops.com/knowledge/wl120,knowledge,200,Indexable,,1,What are the most common mistakes in Wellness in 2027?,"Yes, the most common mistakes in wellness in 2027 revolve around over-reliance on technology at the expense of human connection, neglecting foundational…",What are the most common mistakes in Wellness in 2027?,1,10,2278,5315,0,1,0,47,13,0,https://pulserevops.com/knowledge/wl120,0,Person|Organization|Service|ProfessionalService|QAPage|Question|Answer|TechArticle|ImageObject|WebPage|BreadcrumbList|ListItem,2026-07-11T19:06:48.014Z,2026-07-11T19:06:48.014Z,"index, follow, max-snippet:-1, max-image-preview:large",,true,2,false,10,,0,text/html; charset=utf-8,249,136048,e5d12bf73d67
https://pulserevops.com/knowledge/wl121,knowledge,200,Indexable,,1,Is Wellness worth it in 2027?,"It depends. Whether wellness is ""worth it"" in 2027 hinges entirely on how you define value—whether you're an individual seeking personal health gains, an…",Is Wellness worth it in 2027?,1,11,2030,4746,0,1,0,49,14,0,https://pulserevops.com/knowledge/wl121,0,Person|Organization|Service|ProfessionalService|QAPage|Question|Answer|TechArticle|ImageObject|WebPage|BreadcrumbList|ListItem,2026-07-11T19:07:58.277Z,2026-07-11T19:07:58.277Z,"index, follow, max-snippet:-1, max-image-preview:large",,true,2,false,10,,0,text/html; charset=utf-8,335,133238,56b13360a2e9
https://pulserevops.com/knowledge/wl119,knowledge,200,Indexable,,1,How much does Wellness cost in 2027?,"The cost of wellness in 2027 is not a single number but a spectrum shaped by program scope, delivery method, and organizational size. Understanding these…",How much does Wellness cost in 2027?,1,11,2207,5090,0,1,0,49,15,0,https://pulserevops.com/knowledge/wl119,0,Person|Organization|Service|ProfessionalService|QAPage|Question|Answer|TechArticle|ImageObject|WebPage|BreadcrumbList|ListItem,2026-07-11T19:05:26.136Z,2026-07-11T19:05:26.136Z,"index, follow, max-snippet:-1, max-image-preview:large",,true,2,false,10,,0,text/html; charset=utf-8,280,134836,f766b349bea3
https://pulserevops.com/knowledge/wl118,knowledge,200,Indexable,,1,Top 10 best Wellness options in 2027,"As we navigate 2027, the wellness landscape has evolved beyond simple gym memberships and meditation apps. The focus now is on holistic, data-informed…",Top 10 best Wellness options in 2027,1,15,2161,5027,0,1,0,48,13,0,https://pulserevops.com/knowledge/wl118,0,Person|Organization|Service|ProfessionalService|QAPage|Question|Answer|TechArticle|ImageObject|WebPage|BreadcrumbList|ListItem,2026-07-11T19:04:11.953Z,2026-07-11T19:04:11.953Z,"index, follow, max-snippet:-1, max-image-preview:large",,true,2,false,10,,0,text/html; charset=utf-8,227,133956,f4db5f5ea30f
https://pulserevops.com/knowledge/wl116,knowledge,200,Indexable,,1,How do you get started with Wellness in 2027?,"In 2027, wellness is no longer just about diet and exercise; it's a holistic practice encompassing mental, physical, and social health. To start, focus on…",How do you get started with Wellness in 2027?,1,11,1965,4700,0,1,0,49,15,0,https://pulserevops.com/knowledge/wl116,0,Person|Organization|Service|ProfessionalService|QAPage|Question|Answer|TechArticle|ImageObject|WebPage|BreadcrumbList|ListItem,2026-07-11T19:01:46.746Z,2026-07-11T19:01:46.746Z,"index, follow, max-snippet:-1, max-image-preview:large",,true,2,false,10,,0,text/html; charset=utf-8,230,132274,f30982b61ab7
https://pulserevops.com/knowledge/wl117,knowledge,200,Indexable,,1,What should you know before investing in Wellness in 2027?,"The wellness industry in 2027 is a complex, high-growth sector where consumer expectations have matured. Before committing capital, investors must navigate a…",What should you know before investing in Wellness in 2027?,1,12,2534,5749,0,1,0,49,15,0,https://pulserevops.com/knowledge/wl117,0,Person|Organization|Service|ProfessionalService|QAPage|Question|Answer|TechArticle|ImageObject|WebPage|BreadcrumbList|ListItem,2026-07-11T19:03:09.685Z,2026-07-11T19:03:09.685Z,"index, follow, max-snippet:-1, max-image-preview:large",,true,2,false,10,,0,text/html; charset=utf-8,254,141933,910ba6e1c66d
https://pulserevops.com/knowledge/wl115,knowledge,200,Indexable,,1,What is the best way to approach Wellness in 2027?,"In 2027, wellness is no longer just about gym memberships or meditation apps. The most effective approaches leverage technology like AI-driven health…",What is the best way to approach Wellness in 2027?,1,11,2122,5008,0,1,0,47,13,0,https://pulserevops.com/knowledge/wl115,0,Person|Organization|Service|ProfessionalService|QAPage|Question|Answer|TechArticle|ImageObject|WebPage|BreadcrumbList|ListItem,2026-07-11T19:00:38.784Z,2026-07-11T19:00:38.784Z,"index, follow, max-snippet:-1, max-image-preview:large",,true,2,false,10,,0,text/html; charset=utf-8,237,134668,a5d2fa8a1f76
https://pulserevops.com/knowledge/sw115,knowledge,200,Indexable,,1,What is the best way to approach Software in 2027?,"To thrive in 2027, organizations must shift from buying software as a product to orchestrating software as a service (SaaS) and platform (PaaS) components…",What is the best way to approach Software in 2027?,1,12,2141,4974,0,1,0,49,15,0,https://pulserevops.com/knowledge/sw115,0,Person|Organization|Service|ProfessionalService|QAPage|Question|Answer|TechArticle|ImageObject|WebPage|BreadcrumbList|ListItem,2026-07-11T01:52:45.868Z,2026-07-11T01:52:45.868Z,"index, follow, max-snippet:-1, max-image-preview:large",,true,2,false,10,,0,text/html; charset=utf-8,256,132359,def1cb820797
https://pulserevops.com/knowledge/mv0001,knowledge,200,Indexable,,1,Top 10 Sci-Fi Movies of All Time,"We weighted each film against what makes science fiction endure, drawing on critical consensus from Sight and Sound, Roger Ebert, Rotten Tomatoes…",Top 10 Sci-Fi Movies of All Time,1,19,2808,6160,10,12,0,38,25,0,https://pulserevops.com/knowledge/mv0001,0,Person|Organization|Service|ProfessionalService|QAPage|Question|Answer|TechArticle|ImageObject|WebPage|BreadcrumbList|ListItem,2026-07-08T01:07:12.702Z,2026-07-08T01:07:12.702Z,"index, follow, max-snippet:-1, max-image-preview:large",,true,1,true,13,,0,text/html; charset=utf-8,257,154690,bae2c0f88b7c
https://pulserevops.com/knowledge/wl0114,knowledge,200,Indexable,,1,"How does the concept of ""metabolic flexibility"" redefine our…",``mermaid flowchart TD A[Metabolic Flexibility] --> B[Efficient Fuel Switching] B --> C[Fat Oxidation] B --> D[Carbohydrate Utilization] A --> E[Reduced…,wl0114,1,13,2166,5148,10,2,0,36,5,0,https://pulserevops.com/knowledge/wl0114,0,Person|Organization|Service|ProfessionalService|QAPage|Question|Answer|TechArticle|ImageObject|WebPage|BreadcrumbList|ListItem,2026-07-07T16:06:31.904Z,2026-07-07T16:06:31.904Z,"index, follow, max-snippet:-1, max-image-preview:large",,true,2,false,13,,0,text/html; charset=utf-8,257,136352,cd09f0e4ecd7
https://pulserevops.com/knowledge/ed1079,knowledge,200,Indexable,,1,Top 10 ways to make your home more energy-efficient without…,How do I rebuild my credit score after a major mistake My Thoughts: Top 10 Ways for Offensive Linemen to Get Recruited 2027 My Thoughts: Top 10 Ways for…,Top 10 ways to make your home more energy-efficient without major renovations in 2027,1,2,77,830,0,2,0,40,5,0,https://pulserevops.com/knowledge/ed1079,0,Person|Organization|Service|ProfessionalService|QAPage|Question|Answer|TechArticle|ImageObject|WebPage|BreadcrumbList|ListItem,2026-07-02T14:13:59.194Z,2026-07-02T14:13:59.194Z,"index, follow, max-snippet:-1, max-image-preview:large",,false,0,false,13,,0,text/html; charset=utf-8,255,95324,b4f299f58f1f
https://pulserevops.com/knowledge/ed1078,knowledge,200,Indexable,,1,How do I get out of a rut when nothing seems to interest me…,My Thoughts: Top 10 Banking Net Interest Margin Revenue KPIs Can a Fractional CRO Help Me Build a Repeatable Sales Process? Should I open or buy a You Move…,How do I get out of a rut when nothing seems to interest me anymore,1,2,77,828,0,2,0,39,5,0,https://pulserevops.com/knowledge/ed1078,0,Person|Organization|Service|ProfessionalService|QAPage|Question|Answer|TechArticle|ImageObject|WebPage|BreadcrumbList|ListItem,2026-07-02T14:13:57.118Z,2026-07-02T14:13:57.118Z,"index, follow, max-snippet:-1, max-image-preview:large",,false,0,false,13,,0,text/html; charset=utf-8,247,94867,0cceec92d38e
https://pulserevops.com/knowledge/ed1077,knowledge,200,Indexable,,1,Best online therapy platforms for anxiety and depression in 2027,What Service Fees Should a Physical Therapy Clinic Charge? How Many Sales Reps Do I Need to Hire for My Physical Therapy Clinic Group? Should I open or buy a…,Best online therapy platforms for anxiety and depression in 2027,1,2,43,762,0,2,0,40,5,0,https://pulserevops.com/knowledge/ed1077,0,Person|Organization|Service|ProfessionalService|QAPage|Question|Answer|TechArticle|ImageObject|WebPage|BreadcrumbList|ListItem,2026-07-02T14:13:48.501Z,2026-07-02T14:13:48.501Z,"index, follow, max-snippet:-1, max-image-preview:large",,false,0,false,13,,0,text/html; charset=utf-8,209,94234,0b31ababfc9a
https://pulserevops.com/knowledge/ed1076,knowledge,200,Indexable,,1,How do I know if my child is ready for a smartphone,How Do I Know If My Business Is Ready for a Fractional CRO? How do I know if I’m underpaid without asking my coworkers directly How do I know if my startup…,How do I know if my child is ready for a smartphone,1,2,89,870,0,2,0,40,5,0,https://pulserevops.com/knowledge/ed1076,0,Person|Organization|Service|ProfessionalService|QAPage|Question|Answer|TechArticle|ImageObject|WebPage|BreadcrumbList|ListItem,2026-07-02T14:13:39.830Z,2026-07-02T14:13:39.830Z,"index, follow, max-snippet:-1, max-image-preview:large",,false,0,false,13,,0,text/html; charset=utf-8,245,95299,67256a7cb70a
https://pulserevops.com/knowledge/ed1074,knowledge,200,Indexable,,1,How do I set boundaries with a friend who only calls when they…,"To set boundaries with a friend who only calls when they need something, you must clearly communicate your limits while preserving the relationship's value…",How do I set boundaries with a friend who only calls when they need something,1,10,1814,4281,3,2,0,37,5,0,https://pulserevops.com/knowledge/ed1074,0,Person|Organization|Service|ProfessionalService|QAPage|Question|Answer|TechArticle|ImageObject|WebPage|BreadcrumbList|ListItem,2026-07-02T14:13:38.042Z,2026-07-02T14:13:38.042Z,"index, follow, max-snippet:-1, max-image-preview:large",,true,0,false,13,,0,text/html; charset=utf-8,216,123221,ff607d093fef
https://pulserevops.com/knowledge/ed1075,knowledge,200,Indexable,,1,Top 10 podcasts for personal growth and motivation in 2027,How do I build a personal brand as a solo consultant from scratch How Do I Score My Financial Advisors on AUM Growth? How Do I Get My Gym Front Desk to Sell…,Top 10 podcasts for personal growth and motivation in 2027,1,2,59,815,0,2,0,42,5,0,https://pulserevops.com/knowledge/ed1075,0,Person|Organization|Service|ProfessionalService|QAPage|Question|Answer|TechArticle|ImageObject|WebPage|BreadcrumbList|ListItem,2026-07-02T14:13:36.942Z,2026-07-02T14:13:36.942Z,"index, follow, max-snippet:-1, max-image-preview:large",,false,0,false,13,,0,text/html; charset=utf-8,195,95536,f3ca6ccfe4ba
https://pulserevops.com/knowledge/ed1071,knowledge,200,Indexable,,1,Top 10 investment apps for beginners with low fees in 2027,"Here is the corrected Markdown body, with all fabricated numbers, statistics, prices, studies, and named report figures removed and replaced with honest…",Top 10 investment apps for beginners with low fees in 2027,1,9,2350,5538,5,2,0,40,5,0,https://pulserevops.com/knowledge/ed1071,0,Person|Organization|Service|ProfessionalService|QAPage|Question|Answer|TechArticle|ImageObject|WebPage|BreadcrumbList|ListItem,2026-07-02T14:11:24.418Z,2026-07-02T14:11:24.418Z,"index, follow, max-snippet:-1, max-image-preview:large",,true,2,false,13,,0,text/html; charset=utf-8,233,137200,a2febde500ef
https://pulserevops.com/knowledge/ed1072,knowledge,200,Indexable,,1,How do I respond when a coworker asks why I don't drink alcohol,"When a coworker asks why you don't drink alcohol, the best response balances honesty with professionalism—you can share a simple, personal reason (like…",How do I respond when a coworker asks why I don't drink alcohol,1,10,2016,4950,4,2,0,40,5,0,https://pulserevops.com/knowledge/ed1072,0,Person|Organization|Service|ProfessionalService|QAPage|Question|Answer|TechArticle|ImageObject|WebPage|BreadcrumbList|ListItem,2026-07-02T14:12:07.450Z,2026-07-02T14:12:07.450Z,"index, follow, max-snippet:-1, max-image-preview:large",,true,2,false,13,,0,text/html; charset=utf-8,215,130417,284097dce0d1
https://pulserevops.com/knowledge/ed1073,knowledge,200,Indexable,,1,Best ergonomic office chairs for lower back pain under $500 in…,"The best ergonomic office chairs for lower back pain under $500 in 2027 are those that offer adjustable lumbar support, seat depth control, and breathable…",Best ergonomic office chairs for lower back pain under $500 in 2027,1,9,2022,5083,3,2,0,40,5,0,https://pulserevops.com/knowledge/ed1073,0,Person|Organization|Service|ProfessionalService|QAPage|Question|Answer|TechArticle|ImageObject|WebPage|BreadcrumbList|ListItem,2026-07-02T14:12:51.645Z,2026-07-02T14:12:51.645Z,"index, follow, max-snippet:-1, max-image-preview:large",,true,2,false,13,,0,text/html; charset=utf-8,285,131100,ccc2a963d254
https://pulserevops.com/knowledge/ed1070,knowledge,200,Indexable,,1,How do I ask someone out without making it awkward if they say no,"Asking someone out without making it awkward if they say no is entirely about your delivery, mindset, and follow-up—not about the rejection itself. The key…",How do I ask someone out without making it awkward if they say no,1,13,2188,5311,10,2,0,40,5,0,https://pulserevops.com/knowledge/ed1070,0,Person|Organization|Service|ProfessionalService|QAPage|Question|Answer|TechArticle|ImageObject|WebPage|BreadcrumbList|ListItem,2026-07-02T14:11:15.803Z,2026-07-02T14:11:15.803Z,"index, follow, max-snippet:-1, max-image-preview:large",,true,2,false,13,,0,text/html; charset=utf-8,253,130977,1ece4411883b
https://pulserevops.com/knowledge/ed1066,knowledge,200,Indexable,,1,How do I stop doomscrolling before bed and actually sleep,"To stop doomscrolling before bed, you must replace the passive, addictive scroll with an active, intentional wind-down routine that physically removes your…",How do I stop doomscrolling before bed and actually sleep,1,9,2218,5346,11,2,0,38,5,0,https://pulserevops.com/knowledge/ed1066,0,Person|Organization|Service|ProfessionalService|QAPage|Question|Answer|TechArticle|ImageObject|WebPage|BreadcrumbList|ListItem,2026-07-02T14:07:47.388Z,2026-07-02T14:07:47.388Z,"index, follow, max-snippet:-1, max-image-preview:large",,true,2,false,13,,0,text/html; charset=utf-8,248,132340,15cec7026467
https://pulserevops.com/knowledge/ed1068,knowledge,200,Indexable,,1,How do I handle a sibling who always brings up old grudges at…,"Handling a sibling who constantly resurrects old grudges at family gatherings requires a blend of emotional boundaries, strategic conversation redirection…",How do I handle a sibling who always brings up old grudges at family gatherings,1,10,2407,5819,9,2,0,40,5,0,https://pulserevops.com/knowledge/ed1068,0,Person|Organization|Service|ProfessionalService|QAPage|Question|Answer|TechArticle|ImageObject|WebPage|BreadcrumbList|ListItem,2026-07-02T14:09:30.419Z,2026-07-02T14:09:30.419Z,"index, follow, max-snippet:-1, max-image-preview:large",,true,2,false,13,,0,text/html; charset=utf-8,290,135280,2e0d4d12a180
https://pulserevops.com/knowledge/ed1064,knowledge,200,Indexable,,1,How do I tell a friend their breath smells without hurting the…,"Telling a friend their breath smells is one of the most awkward but necessary conversations in any friendship, and the key is to approach it with genuine…",How do I tell a friend their breath smells without hurting the friendship,1,13,2538,6158,17,2,0,39,5,0,https://pulserevops.com/knowledge/ed1064,0,Person|Organization|Service|ProfessionalService|QAPage|Question|Answer|TechArticle|ImageObject|WebPage|BreadcrumbList|ListItem,2026-07-02T14:05:37.479Z,2026-07-02T14:05:37.479Z,"index, follow, max-snippet:-1, max-image-preview:large",,true,2,false,13,,0,text/html; charset=utf-8,261,135241,7d44ee5aabf3
https://pulserevops.com/knowledge/ed1055,knowledge,200,Indexable,,1,How do I stop feeling guilty about taking a mental health day,You stop feeling guilty about taking a mental health day by reframing it as essential maintenance rather than an indulgence—your brain is an organ that needs…,How do I stop feeling guilty about taking a mental health day,1,8,2235,5383,10,2,0,40,5,0,https://pulserevops.com/knowledge/ed1055,0,Person|Organization|Service|ProfessionalService|QAPage|Question|Answer|TechArticle|ImageObject|WebPage|BreadcrumbList|ListItem,2026-07-02T13:58:29.196Z,2026-07-02T13:58:29.196Z,"index, follow, max-snippet:-1, max-image-preview:large",,true,2,false,13,,0,text/html; charset=utf-8,236,132222,856927353ef9
https://pulserevops.com/knowledge/ed1060,knowledge,200,Indexable,,1,How do I ask my boss for a raise without sounding entitled,"To ask your boss for a raise without sounding entitled, you must frame the conversation around your measurable contributions to the company, not your…",How do I ask my boss for a raise without sounding entitled,1,14,2178,5534,17,2,0,41,5,0,https://pulserevops.com/knowledge/ed1060,0,Person|Organization|Service|ProfessionalService|QAPage|Question|Answer|TechArticle|ImageObject|WebPage|BreadcrumbList|ListItem,2026-07-02T14:02:30.861Z,2026-07-02T14:02:30.861Z,"index, follow, max-snippet:-1, max-image-preview:large",,true,2,false,13,,0,text/html; charset=utf-8,269,134323,212b455d7ec9
https://pulserevops.com/knowledge/ed1052,knowledge,200,Indexable,,1,Best water flossers for sensitive gums in 2027,"The best water flossers for sensitive gums in 2027 combine ultra-gentle pressure settings, soft-stream technology, and ergonomic designs that minimize gum…",Best water flossers for sensitive gums in 2027,1,11,2186,5143,3,2,0,40,5,0,https://pulserevops.com/knowledge/ed1052,0,Person|Organization|Service|ProfessionalService|QAPage|Question|Answer|TechArticle|ImageObject|WebPage|BreadcrumbList|ListItem,2026-07-02T13:55:26.594Z,2026-07-02T13:55:26.594Z,"index, follow, max-snippet:-1, max-image-preview:large",,true,2,false,13,,0,text/html; charset=utf-8,209,131578,5e2e3d940690
https://pulserevops.com/knowledge/ed1048,knowledge,200,Indexable,,1,Best pet insurance plans for dogs and cats in 2027,The best pet insurance plans for dogs and cats in 2027 are those that offer comprehensive accident-and-illness coverage with high reimbursement rates and low…,Best pet insurance plans for dogs and cats in 2027,1,10,2208,5197,6,2,0,40,5,0,https://pulserevops.com/knowledge/ed1048,0,Person|Organization|Service|ProfessionalService|QAPage|Question|Answer|TechArticle|ImageObject|WebPage|BreadcrumbList|ListItem,2026-07-02T13:53:33.279Z,2026-07-02T13:53:33.279Z,"index, follow, max-snippet:-1, max-image-preview:large",,true,2,false,13,,0,text/html; charset=utf-8,246,133990,cbe503adc8a2
https://pulserevops.com/knowledge/ed1049,knowledge,200,Indexable,,1,How to have a difficult conversation with a neighbor about noise,"To have a difficult conversation with a neighbor about noise, you need to approach it with empathy, clear communication, and a problem-solving mindset rather…",How to have a difficult conversation with a neighbor about noise,1,10,2115,5124,3,2,0,39,5,0,https://pulserevops.com/knowledge/ed1049,0,Person|Organization|Service|ProfessionalService|QAPage|Question|Answer|TechArticle|ImageObject|WebPage|BreadcrumbList|ListItem,2026-07-02T13:53:52.961Z,2026-07-02T13:53:52.961Z,"index, follow, max-snippet:-1, max-image-preview:large",,true,2,false,13,,0,text/html; charset=utf-8,235,130081,84405363e70c
https://pulserevops.com/knowledge/ed1047,knowledge,200,Indexable,,1,How do I stop procrastinating on important but boring tasks,"To stop procrastinating on important but boring tasks, you need to break the cycle of avoidance by using structured techniques like the Pomodoro Method and…",How do I stop procrastinating on important but boring tasks,1,13,2342,5431,3,2,0,39,5,0,https://pulserevops.com/knowledge/ed1047,0,Person|Organization|Service|ProfessionalService|QAPage|Question|Answer|TechArticle|ImageObject|WebPage|BreadcrumbList|ListItem,2026-07-02T13:51:50.193Z,2026-07-02T13:51:50.193Z,"index, follow, max-snippet:-1, max-image-preview:large",,true,2,false,13,,0,text/html; charset=utf-8,223,134764,a832552d259e
https://pulserevops.com/knowledge/ed1043,knowledge,200,Indexable,,1,How do I deal with a micromanaging boss without quitting,"Dealing with a micromanaging boss without quitting requires a strategic blend of proactive communication, trust-building, and boundary-setting—not passive…",How do I deal with a micromanaging boss without quitting,1,10,2200,5148,4,2,0,40,5,0,https://pulserevops.com/knowledge/ed1043,0,Person|Organization|Service|ProfessionalService|QAPage|Question|Answer|TechArticle|ImageObject|WebPage|BreadcrumbList|ListItem,2026-07-02T13:48:35.312Z,2026-07-02T13:48:35.312Z,"index, follow, max-snippet:-1, max-image-preview:large",,true,2,false,12,,0,text/html; charset=utf-8,231,133438,e7b719e68459
https://pulserevops.com/knowledge/ed1040,knowledge,200,Indexable,,1,Best air purifiers for allergies and pet dander in 2027,"The best air purifiers for allergies and pet dander in 2027 are those with a true HEPA H13 or H14 filter, a high CADR (Clean Air Delivery Rate) for pet…",Best air purifiers for allergies and pet dander in 2027,1,11,2143,4990,2,2,0,40,5,0,https://pulserevops.com/knowledge/ed1040,0,Person|Organization|Service|ProfessionalService|QAPage|Question|Answer|TechArticle|ImageObject|WebPage|BreadcrumbList|ListItem,2026-07-02T13:47:21.477Z,2026-07-02T13:47:21.477Z,"index, follow, max-snippet:-1, max-image-preview:large",,true,2,false,13,,0,text/html; charset=utf-8,247,129379,061ed3748a30
https://pulserevops.com/knowledge/ed1035,knowledge,200,Indexable,,1,How do I know if I’m underpaid without asking my coworkers…,"You can determine if you’re underpaid without asking coworkers by using a combination of public salary data, industry benchmarks, and internal company…",How do I know if I’m underpaid without asking my coworkers directly,1,10,2093,5052,2,2,0,41,5,0,https://pulserevops.com/knowledge/ed1035,0,Person|Organization|Service|ProfessionalService|QAPage|Question|Answer|TechArticle|ImageObject|WebPage|BreadcrumbList|ListItem,2026-07-02T13:41:18.502Z,2026-07-02T13:41:18.502Z,"index, follow, max-snippet:-1, max-image-preview:large",,true,2,false,13,,0,text/html; charset=utf-8,241,130371,342045cde286
https://pulserevops.com/knowledge/ed1031,knowledge,200,Indexable,,1,How do I get my first client as a freelance copywriter with zero…,"To get your first client as a freelance copywriter with zero portfolio, you must stop waiting for permission and start creating proof of your skills through…",How do I get my first client as a freelance copywriter with zero portfolio,1,9,2235,5263,5,2,0,40,5,0,https://pulserevops.com/knowledge/ed1031,0,Person|Organization|Service|ProfessionalService|QAPage|Question|Answer|TechArticle|ImageObject|WebPage|BreadcrumbList|ListItem,2026-07-02T13:38:21.879Z,2026-07-02T13:38:21.879Z,"index, follow, max-snippet:-1, max-image-preview:large",,true,2,false,13,,0,text/html; charset=utf-8,592,131753,b77e50027998
https://pulserevops.com/knowledge/ed1029,knowledge,200,Indexable,,1,How to stop being a people pleaser at work without burning…,"Stopping people-pleasing at work without burning bridges is about shifting from automatic agreement to strategic assertiveness—you can say ""no"" or ""let me…",How to stop being a people pleaser at work without burning bridges,1,10,2211,5166,4,2,0,40,5,0,https://pulserevops.com/knowledge/ed1029,0,Person|Organization|Service|ProfessionalService|QAPage|Question|Answer|TechArticle|ImageObject|WebPage|BreadcrumbList|ListItem,2026-07-02T13:36:53.364Z,2026-07-02T13:36:53.364Z,"index, follow, max-snippet:-1, max-image-preview:large",,true,2,false,13,,0,text/html; charset=utf-8,248,132990,99c5e4b8a6a1
https://pulserevops.com/knowledge/ed1025,knowledge,200,Indexable,,1,How to apologize effectively after a big mistake at work,"To apologize effectively after a big mistake at work, you must move beyond a simple ""I'm sorry"" and deliver a structured, accountable response that…",How to apologize effectively after a big mistake at work,1,12,2208,5307,3,2,0,40,5,0,https://pulserevops.com/knowledge/ed1025,0,Person|Organization|Service|ProfessionalService|QAPage|Question|Answer|TechArticle|ImageObject|WebPage|BreadcrumbList|ListItem,2026-07-02T13:34:42.600Z,2026-07-02T13:34:42.600Z,"index, follow, max-snippet:-1, max-image-preview:large",,true,2,false,13,,0,text/html; charset=utf-8,227,131862,591496653d92
https://pulserevops.com/knowledge/ed1023,knowledge,200,Indexable,,1,How do I start a conversation with someone I admire at a…,"To start a conversation with someone you admire at a networking event, shift your mindset from ""impressing them"" to ""connecting authentically"" by leading…",How do I start a conversation with someone I admire at a networking event,1,13,2151,5177,2,2,0,41,5,0,https://pulserevops.com/knowledge/ed1023,0,Person|Organization|Service|ProfessionalService|QAPage|Question|Answer|TechArticle|ImageObject|WebPage|BreadcrumbList|ListItem,2026-07-02T13:31:59.517Z,2026-07-02T13:31:59.517Z,"index, follow, max-snippet:-1, max-image-preview:large",,true,2,false,13,,0,text/html; charset=utf-8,240,130811,17be6e42c1fd
https://pulserevops.com/knowledge/ed1027,knowledge,200,Indexable,,1,How do I reinvent myself professionally in my 40s,"Reinventing yourself professionally in your 40s is not only possible—it's a strategic move that leverages your decades of experience, wisdom, and network to…",How do I reinvent myself professionally in my 40s,1,13,2309,5388,7,2,0,40,5,0,https://pulserevops.com/knowledge/ed1027,0,Person|Organization|Service|ProfessionalService|QAPage|Question|Answer|TechArticle|ImageObject|WebPage|BreadcrumbList|ListItem,2026-07-02T13:35:41.558Z,2026-07-02T13:35:41.558Z,"index, follow, max-snippet:-1, max-image-preview:large",,true,2,false,13,,0,text/html; charset=utf-8,333,135141,a9f1838a8946
https://pulserevops.com/knowledge/ed1019,knowledge,200,Indexable,,1,How do I support a partner going through a career crisis,"Supporting a partner through a career crisis requires a blend of emotional presence, practical problem-solving, and boundary-setting—not fixing their…",How do I support a partner going through a career crisis,1,10,2368,5621,3,2,0,40,5,0,https://pulserevops.com/knowledge/ed1019,0,Person|Organization|Service|ProfessionalService|QAPage|Question|Answer|TechArticle|ImageObject|WebPage|BreadcrumbList|ListItem,2026-07-02T13:29:03.549Z,2026-07-02T13:29:03.549Z,"index, follow, max-snippet:-1, max-image-preview:large",,true,2,false,13,,0,text/html; charset=utf-8,307,134935,3aa5819647d4
https://pulserevops.com/knowledge/ed1017,knowledge,200,Indexable,,1,How to write a resignation letter that leaves a positive…,"Writing a resignation letter that leaves a positive impression requires a balance of professionalism, gratitude, and clarity—it’s your final chance to cement…",How to write a resignation letter that leaves a positive impression,1,14,2300,5483,3,2,0,41,5,0,https://pulserevops.com/knowledge/ed1017,0,Person|Organization|Service|ProfessionalService|QAPage|Question|Answer|TechArticle|ImageObject|WebPage|BreadcrumbList|ListItem,2026-07-02T13:27:40.238Z,2026-07-02T13:27:40.238Z,"index, follow, max-snippet:-1, max-image-preview:large",,true,2,false,13,,0,text/html; charset=utf-8,288,134640,a750e79fc8c3
https://pulserevops.com/knowledge/ed1013,knowledge,200,Indexable,,1,How to ask for a mentor without sounding desperate,"Asking for a mentor without sounding desperate is about shifting from a transactional request (""Help me!"") to a value-first proposition (""I admire your work…",How to ask for a mentor without sounding desperate,1,12,2288,5325,3,2,0,41,5,0,https://pulserevops.com/knowledge/ed1013,0,Person|Organization|Service|ProfessionalService|QAPage|Question|Answer|TechArticle|ImageObject|WebPage|BreadcrumbList|ListItem,2026-07-02T13:25:36.764Z,2026-07-02T13:25:36.764Z,"index, follow, max-snippet:-1, max-image-preview:large",,true,2,false,13,,0,text/html; charset=utf-8,239,133347,3962efb5f152
https://pulserevops.com/knowledge/ed1015,knowledge,200,Indexable,,1,How do I stop comparing my career progress to my friends,You stop comparing your career progress to friends by consciously shifting your focus from external benchmarks to your own internal growth trajectory and by…,How do I stop comparing my career progress to my friends,1,11,2157,5141,3,2,0,41,5,0,https://pulserevops.com/knowledge/ed1015,0,Person|Organization|Service|ProfessionalService|QAPage|Question|Answer|TechArticle|ImageObject|WebPage|BreadcrumbList|ListItem,2026-07-02T13:26:41.934Z,2026-07-02T13:26:41.934Z,"index, follow, max-snippet:-1, max-image-preview:large",,true,2,false,13,,0,text/html; charset=utf-8,212,130884,80c6b2868860
https://pulserevops.com/knowledge/ed1011,knowledge,200,Indexable,,1,How do I rebuild my credit score after a major mistake,"Rebuilding your credit score after a major mistake—like a bankruptcy, foreclosure, or a collections account—is absolutely possible, but it requires a…",How do I rebuild my credit score after a major mistake,1,9,2142,5084,4,2,0,40,5,0,https://pulserevops.com/knowledge/ed1011,0,Person|Organization|Service|ProfessionalService|QAPage|Question|Answer|TechArticle|ImageObject|WebPage|BreadcrumbList|ListItem,2026-07-02T13:23:30.657Z,2026-07-02T13:23:30.657Z,"index, follow, max-snippet:-1, max-image-preview:large",,true,2,false,13,,0,text/html; charset=utf-8,258,130839,42ef4ca32d47
https://pulserevops.com/knowledge/ed1007,knowledge,200,Indexable,,1,How do I set boundaries with a friend who always asks for favors,Setting boundaries with a friend who constantly asks for favors requires a direct but compassionate conversation where you clearly state your limits without…,How do I set boundaries with a friend who always asks for favors,1,10,2287,5560,3,2,0,42,5,0,https://pulserevops.com/knowledge/ed1007,0,Person|Organization|Service|ProfessionalService|QAPage|Question|Answer|TechArticle|ImageObject|WebPage|BreadcrumbList|ListItem,2026-07-02T13:19:16.840Z,2026-07-02T13:19:16.840Z,"index, follow, max-snippet:-1, max-image-preview:large",,true,2,false,13,,0,text/html; charset=utf-8,242,132961,aa2c0dc9023f
https://pulserevops.com/knowledge/ed1004,knowledge,200,Indexable,,1,Best programming languages to learn for job security in 2027,"For job security in 2027, you should focus on Python, JavaScript/TypeScript, and Go as your core trio, because they dominate the fastest-growing…",Best programming languages to learn for job security in 2027,1,12,2228,5120,5,2,0,40,5,0,https://pulserevops.com/knowledge/ed1004,0,Person|Organization|Service|ProfessionalService|QAPage|Question|Answer|TechArticle|ImageObject|WebPage|BreadcrumbList|ListItem,2026-07-02T13:16:23.926Z,2026-07-02T13:16:23.926Z,"index, follow, max-snippet:-1, max-image-preview:large",,true,2,false,13,,0,text/html; charset=utf-8,245,133088,a710945f5bcd
https://pulserevops.com/knowledge/ed1005,knowledge,200,Indexable,,1,How to tell your boss you're overwhelmed without looking weak,You can tell your boss you're overwhelmed without looking weak by framing it as a strategic request for support rather than a complaint about workload. The…,How to tell your boss you're overwhelmed without looking weak,1,13,2289,5398,3,2,0,42,5,0,https://pulserevops.com/knowledge/ed1005,0,Person|Organization|Service|ProfessionalService|QAPage|Question|Answer|TechArticle|ImageObject|WebPage|BreadcrumbList|ListItem,2026-07-02T13:18:12.378Z,2026-07-02T13:18:12.378Z,"index, follow, max-snippet:-1, max-image-preview:large",,true,2,false,12,,0,text/html; charset=utf-8,292,134314,4567d81c9543
https://pulserevops.com/knowledge/ed1003,knowledge,200,Indexable,,1,How do I know if my startup idea is actually worth pursuing,"You can know your startup idea is worth pursuing when it solves a real, painful problem for a specific group of people who are actively seeking a solution…",How do I know if my startup idea is actually worth pursuing,1,12,2422,5647,3,2,0,39,5,0,https://pulserevops.com/knowledge/ed1003,0,Person|Organization|Service|ProfessionalService|QAPage|Question|Answer|TechArticle|ImageObject|WebPage|BreadcrumbList|ListItem,2026-07-02T13:16:21.033Z,2026-07-02T13:16:21.033Z,"index, follow, max-snippet:-1, max-image-preview:large",,true,2,false,13,,0,text/html; charset=utf-8,255,134279,38b22f761a69
https://pulserevops.com/knowledge/ed0999,knowledge,200,Indexable,,1,How do I build a personal brand as a solo consultant from scratch,"Building a personal brand as a solo consultant from scratch requires a strategic, long-term commitment to establishing credibility, visibility, and trust in…",How do I build a personal brand as a solo consultant from scratch,1,10,2098,5020,3,2,0,39,5,0,https://pulserevops.com/knowledge/ed0999,0,Person|Organization|Service|ProfessionalService|QAPage|Question|Answer|TechArticle|ImageObject|WebPage|BreadcrumbList|ListItem,2026-07-02T13:14:12.174Z,2026-07-02T13:14:12.174Z,"index, follow, max-snippet:-1, max-image-preview:large",,true,2,false,13,,0,text/html; charset=utf-8,243,131180,9cc83399bf5b
https://pulserevops.com/knowledge/ed1001,knowledge,200,Indexable,,1,How to negotiate a raise when your company is struggling…,"You can negotiate a raise even when your company is struggling financially, but you must shift your approach from ""I deserve more money"" to ""I can help solve…",How to negotiate a raise when your company is struggling financially,1,9,2256,5300,3,2,0,42,5,0,https://pulserevops.com/knowledge/ed1001,0,Person|Organization|Service|ProfessionalService|QAPage|Question|Answer|TechArticle|ImageObject|WebPage|BreadcrumbList|ListItem,2026-07-02T13:14:08.552Z,2026-07-02T13:14:08.552Z,"index, follow, max-snippet:-1, max-image-preview:large",,true,2,false,13,,0,text/html; charset=utf-8,245,132675,e9306f47b3f4
https://pulserevops.com/knowledge/dn0376,knowledge,200,Indexable,,1,Top 10 Places for Breakfast in the United States in 2027,"The Best Overall breakfast in the United States in 2027 is Biscuit Love in Nashville, Tennessee, a James Beard-honored spot that has perfected the Southern…",Top 10 Places for Breakfast in the United States in 2027,1,15,3115,6848,24,13,0,37,16,0,https://pulserevops.com/knowledge/dn0376,0,Person|Organization|Service|ProfessionalService|QAPage|Question|Answer|TechArticle|ImageObject|WebPage|BreadcrumbList|ListItem,2026-07-02T13:12:05.182Z,2026-07-02T13:12:05.182Z,"index, follow, max-snippet:-1, max-image-preview:large",,true,2,false,13,,0,text/html; charset=utf-8,246,164219,57c49c279cb4
https://pulserevops.com/knowledge/dn0378,knowledge,200,Indexable,,1,Top 10 Best New Restaurants in the United States in 2027,"The Best New Restaurant in the United States in 2027 is Solis, a farm-to-fire tasting menu spot in Portland, Oregon, where chef Maya Reyes turns…",Top 10 Best New Restaurants in the United States in 2027,1,15,2537,5603,24,13,0,39,16,0,https://pulserevops.com/knowledge/dn0378,0,Person|Organization|Service|ProfessionalService|QAPage|Question|Answer|TechArticle|ImageObject|WebPage|BreadcrumbList|ListItem,2026-07-02T13:12:14.183Z,2026-07-02T13:12:14.183Z,"index, follow, max-snippet:-1, max-image-preview:large",,true,1,false,13,,0,text/html; charset=utf-8,252,155265,4c78288e1f63
https://pulserevops.com/knowledge/dn0377,knowledge,200,Indexable,,1,"Top 10 Places to Dine in Louisville, Kentucky in 2027","The Best Overall place to dine in Louisville, Kentucky in 2027 is 610 Magnolia, the farm-to-table tasting-menu institution in Old Louisville that has been…","Top 10 Places to Dine in Louisville, Kentucky in 2027",1,18,2418,5358,24,13,0,40,16,0,https://pulserevops.com/knowledge/dn0377,0,Person|Organization|Service|ProfessionalService|QAPage|Question|Answer|TechArticle|ImageObject|WebPage|BreadcrumbList|ListItem,2026-07-02T13:11:54.577Z,2026-07-02T13:11:54.577Z,"index, follow, max-snippet:-1, max-image-preview:large",,true,2,false,13,,0,text/html; charset=utf-8,265,156552,f08dea29dbec
https://pulserevops.com/knowledge/dn0409,knowledge,200,Indexable,,1,Top 10 Places for Happy Hour in the United States in 2027,"The Best Overall happy hour in the United States in 2027 is The Dead Rabbit in New York City's Financial District, where a meticulously crafted Irish Coffee…",Top 10 Places for Happy Hour in the United States in 2027,1,15,2887,6541,13,3,0,39,6,0,https://pulserevops.com/knowledge/dn0409,0,Person|Organization|Service|ProfessionalService|QAPage|Question|Answer|TechArticle|ImageObject|WebPage|BreadcrumbList|ListItem,2026-07-02T13:11:09.797Z,2026-07-02T13:11:09.797Z,"index, follow, max-snippet:-1, max-image-preview:large",,true,2,false,13,,0,text/html; charset=utf-8,231,147557,c2f95cf3ac1e
https://pulserevops.com/knowledge/dn0410,knowledge,200,Indexable,,1,Top 10 Places for Dumplings in the United States in 2027,"The Best Overall place for dumplings in the United States in 2027 is Din Tai Fung with its multiple locations across California, Washington, Nevada, and New…",Top 10 Places for Dumplings in the United States in 2027,1,15,2359,5568,15,5,0,40,8,0,https://pulserevops.com/knowledge/dn0410,0,Person|Organization|Service|ProfessionalService|QAPage|Question|Answer|TechArticle|ImageObject|WebPage|BreadcrumbList|ListItem,2026-07-02T13:11:04.105Z,2026-07-02T13:11:04.105Z,"index, follow, max-snippet:-1, max-image-preview:large",,true,2,false,13,,0,text/html; charset=utf-8,238,144048,eee8a140af48
https://pulserevops.com/knowledge/dn0411,knowledge,200,Indexable,,1,"Top 10 Places to Dine in Houston, Texas in 2027","The Best Overall place to dine in Houston in 2027 is Xochi, the Oaxacan-inspired restaurant by Chef Hugo Ortega in the Theater District, where the mole…","Top 10 Places to Dine in Houston, Texas in 2027",1,15,2325,5428,13,3,0,38,6,0,https://pulserevops.com/knowledge/dn0411,0,Person|Organization|Service|ProfessionalService|QAPage|Question|Answer|TechArticle|ImageObject|WebPage|BreadcrumbList|ListItem,2026-07-02T13:11:02.831Z,2026-07-02T13:11:02.831Z,"index, follow, max-snippet:-1, max-image-preview:large",,true,2,false,13,,0,text/html; charset=utf-8,253,140106,c9900b298b61
https://pulserevops.com/knowledge/dn0406,knowledge,200,Indexable,,1,"Top 10 Places to Dine in Portland, Oregon in 2027","The Best Overall place to dine in Portland, Oregon in 2027 is Le Pigeon, the iconic French-inspired tasting-menu spot on East Burnside that has evolved from…","Top 10 Places to Dine in Portland, Oregon in 2027",1,15,2521,5781,12,2,0,37,5,0,https://pulserevops.com/knowledge/dn0406,0,Person|Organization|Service|ProfessionalService|QAPage|Question|Answer|TechArticle|ImageObject|WebPage|BreadcrumbList|ListItem,2026-07-02T13:09:56.530Z,2026-07-02T13:09:56.530Z,"index, follow, max-snippet:-1, max-image-preview:large",,true,2,false,13,,0,text/html; charset=utf-8,224,140333,a5c1d2b83f69
https://pulserevops.com/knowledge/dn0408,knowledge,200,Indexable,,1,"Top 10 Places to Dine in San Diego, California in 2027","The Best Overall place to dine in San Diego in 2027 is Jeune et Jolie, the long-awaited French-California tasting-menu restaurant in Carlsbad from chef John…","Top 10 Places to Dine in San Diego, California in 2027",1,15,2566,5980,12,2,0,39,5,0,https://pulserevops.com/knowledge/dn0408,0,Person|Organization|Service|ProfessionalService|QAPage|Question|Answer|TechArticle|ImageObject|WebPage|BreadcrumbList|ListItem,2026-07-02T13:10:49.047Z,2026-07-02T13:10:49.047Z,"index, follow, max-snippet:-1, max-image-preview:large",,true,2,false,13,,0,text/html; charset=utf-8,257,139762,57e705570186
https://pulserevops.com/knowledge/dn0407,knowledge,200,Indexable,,1,Top 10 Place for Vegan Dining in the United States in 2027,"The Best Overall place for vegan dining in the United States in 2027 is Planta Queen in New York City, a plant-based powerhouse that has evolved into a…",Top 10 Place for Vegan Dining in the United States in 2027,1,15,2215,5285,13,3,0,40,6,0,https://pulserevops.com/knowledge/dn0407,0,Person|Organization|Service|ProfessionalService|QAPage|Question|Answer|TechArticle|ImageObject|WebPage|BreadcrumbList|ListItem,2026-07-02T13:09:56.283Z,2026-07-02T13:09:56.283Z,"index, follow, max-snippet:-1, max-image-preview:large",,true,2,false,13,,0,text/html; charset=utf-8,324,139981,c7dbe9a65fb2
https://pulserevops.com/knowledge/dn0405,knowledge,200,Indexable,,1,Top 10 Places for a Chef’s Counter Experience in the United…,"The Best Overall chef's counter experience in the United States in 2027 is SingleThread in Healdsburg, California, where a 10-seat counter wraps around the…",Top 10 Places for a Chef’s Counter Experience in the United States in 2027,1,15,2560,5904,13,3,0,41,6,0,https://pulserevops.com/knowledge/dn0405,0,Person|Organization|Service|ProfessionalService|QAPage|Question|Answer|TechArticle|ImageObject|WebPage|BreadcrumbList|ListItem,2026-07-02T13:09:51.901Z,2026-07-02T13:09:51.901Z,"index, follow, max-snippet:-1, max-image-preview:large",,true,2,false,13,,0,text/html; charset=utf-8,274,144904,7e946d9f92a3
https://pulserevops.com/knowledge/dn0404,knowledge,200,Indexable,,1,Top 10 Places for Street Food in the United States in 2027,"The Best Overall city for street food in the United States in 2027 is Portland, Oregon, where a sprawling network of over 500 food carts and food truck pods…",Top 10 Places for Street Food in the United States in 2027,1,15,2513,5897,12,2,0,39,5,0,https://pulserevops.com/knowledge/dn0404,0,Person|Organization|Service|ProfessionalService|QAPage|Question|Answer|TechArticle|ImageObject|WebPage|BreadcrumbList|ListItem,2026-07-02T13:09:43.576Z,2026-07-02T13:09:43.576Z,"index, follow, max-snippet:-1, max-image-preview:large",,true,2,false,13,,0,text/html; charset=utf-8,280,141471,10aad7b28c42
https://pulserevops.com/knowledge/dn0403,knowledge,200,Indexable,,1,Top 10 Places for Date Night in the United States in 2027,"The Best Overall date-night destination in the United States for 2027 is The French Laundry in Yountville, California, because its legendary nine-course…",Top 10 Places for Date Night in the United States in 2027,1,15,2416,5650,12,2,0,40,5,0,https://pulserevops.com/knowledge/dn0403,0,Person|Organization|Service|ProfessionalService|QAPage|Question|Answer|TechArticle|ImageObject|WebPage|BreadcrumbList|ListItem,2026-07-02T13:08:52.431Z,2026-07-02T13:08:52.431Z,"index, follow, max-snippet:-1, max-image-preview:large",,true,2,false,13,,0,text/html; charset=utf-8,243,140644,f7afb42896eb
https://pulserevops.com/knowledge/dn0402,knowledge,200,Indexable,,1,Top 10 Places for Fine Dining in the United States in 2027,"The Best Overall fine dining restaurant in the United States in 2027 is The French Laundry in Yountville, California — Chef Thomas Keller's legendary Napa…",Top 10 Places for Fine Dining in the United States in 2027,1,15,2424,5667,12,2,0,41,5,0,https://pulserevops.com/knowledge/dn0402,0,Person|Organization|Service|ProfessionalService|QAPage|Question|Answer|TechArticle|ImageObject|WebPage|BreadcrumbList|ListItem,2026-07-02T13:08:46.296Z,2026-07-02T13:08:46.296Z,"index, follow, max-snippet:-1, max-image-preview:large",,true,2,false,13,,0,text/html; charset=utf-8,360,141825,31877cfd3ec5
https://pulserevops.com/knowledge/dn0401,knowledge,200,Indexable,,1,Top 10 Places for BBQ in the United States in 2027,"The Best Overall BBQ destination in the United States in 2027 is Franklin Barbecue in Austin, Texas, where the legendary brisket — with its jet-black bark…",Top 10 Places for BBQ in the United States in 2027,1,15,2426,5566,12,2,0,39,5,0,https://pulserevops.com/knowledge/dn0401,0,Person|Organization|Service|ProfessionalService|QAPage|Question|Answer|TechArticle|ImageObject|WebPage|BreadcrumbList|ListItem,2026-07-02T13:08:40.762Z,2026-07-02T13:08:40.762Z,"index, follow, max-snippet:-1, max-image-preview:large",,true,2,false,13,,0,text/html; charset=utf-8,333,137109,1171fa7d6a6a
https://pulserevops.com/knowledge/dn0400,knowledge,200,Indexable,,1,Top 10 Places for Sushi in the United States in 2027,"The Best Overall sushi destination in the United States in 2027 is Sushi Sho in Honolulu, Hawaii, where chef Keiji Nakazawa — a Tokyo Edomae master who…",Top 10 Places for Sushi in the United States in 2027,1,15,2393,5569,12,2,0,39,5,0,https://pulserevops.com/knowledge/dn0400,0,Person|Organization|Service|ProfessionalService|QAPage|Question|Answer|TechArticle|ImageObject|WebPage|BreadcrumbList|ListItem,2026-07-02T13:08:34.200Z,2026-07-02T13:08:34.200Z,"index, follow, max-snippet:-1, max-image-preview:large",,true,2,false,13,,0,text/html; charset=utf-8,265,140212,02d828160417
https://pulserevops.com/knowledge/dn0398,knowledge,200,Indexable,,1,Top 10 Places for Pizza in the United States in 2027,"The Best Overall pizza in the United States in 2027 is Una Pizza Napoletana in New York City, where Anthony Mangieri's obsessive, wood-fired Neapolitan pies…",Top 10 Places for Pizza in the United States in 2027,1,15,2238,5153,12,2,0,38,5,0,https://pulserevops.com/knowledge/dn0398,0,Person|Organization|Service|ProfessionalService|QAPage|Question|Answer|TechArticle|ImageObject|WebPage|BreadcrumbList|ListItem,2026-07-02T13:07:38.289Z,2026-07-02T13:07:38.289Z,"index, follow, max-snippet:-1, max-image-preview:large",,true,2,false,13,,0,text/html; charset=utf-8,238,137286,87e4ebdab23d
https://pulserevops.com/knowledge/dn0397,knowledge,200,Indexable,,1,Top 10 Places for Ramen in the United States in 2027,"The Best Overall ramen in the United States in 2027 is Ivan Ramen in New York City, where chef Ivan Orkin continues to redefine the bowl with a double-soup…",Top 10 Places for Ramen in the United States in 2027,1,15,2752,6219,12,2,0,39,5,0,https://pulserevops.com/knowledge/dn0397,0,Person|Organization|Service|ProfessionalService|QAPage|Question|Answer|TechArticle|ImageObject|WebPage|BreadcrumbList|ListItem,2026-07-02T13:07:33.730Z,2026-07-02T13:07:33.730Z,"index, follow, max-snippet:-1, max-image-preview:large",,true,2,false,13,,0,text/html; charset=utf-8,215,144085,34d64b0e88d1
https://pulserevops.com/knowledge/dn0399,knowledge,200,Indexable,,1,Top 10 Places for Tacos in the United States in 2027,"The Best Overall taco destination in the United States in 2027 is Los Angeles, California, specifically the Guerrilla Tacos brick-and-mortar in the Arts…",Top 10 Places for Tacos in the United States in 2027,1,18,2471,5745,12,2,0,40,5,0,https://pulserevops.com/knowledge/dn0399,0,Person|Organization|Service|ProfessionalService|QAPage|Question|Answer|TechArticle|ImageObject|WebPage|BreadcrumbList|ListItem,2026-07-02T13:07:32.152Z,2026-07-02T13:07:32.152Z,"index, follow, max-snippet:-1, max-image-preview:large",,true,2,false,13,,0,text/html; charset=utf-8,285,139239,358d41974216
https://pulserevops.com/knowledge/dn0396,knowledge,200,Indexable,,1,Top 10 Places for Brunch in the United States in 2027,"The Best Overall brunch in the United States in 2027 is Swan & Dolphin at Walt Disney World in Orlando, Florida, where the Bottomless Brunch experience…",Top 10 Places for Brunch in the United States in 2027,1,18,2308,5394,14,4,0,36,7,0,https://pulserevops.com/knowledge/dn0396,0,Person|Organization|Service|ProfessionalService|QAPage|Question|Answer|TechArticle|ImageObject|WebPage|BreadcrumbList|ListItem,2026-07-02T13:07:11.050Z,2026-07-02T13:07:11.050Z,"index, follow, max-snippet:-1, max-image-preview:large",,true,2,false,13,,0,text/html; charset=utf-8,242,141623,51ef2933c5d5
https://pulserevops.com/knowledge/dn0395,knowledge,200,Indexable,,1,"Top 10 Places to Dine in the Outer Banks, North Carolina in 2027","The Best Overall place to dine in the Outer Banks in 2027 is The Colington Cafe, a cozy, reservation-only cottage in Kill Devil Hills that serves a…","Top 10 Places to Dine in the Outer Banks, North Carolina in 2027",1,15,2487,5756,13,3,0,40,6,0,https://pulserevops.com/knowledge/dn0395,0,Person|Organization|Service|ProfessionalService|QAPage|Question|Answer|TechArticle|ImageObject|WebPage|BreadcrumbList|ListItem,2026-07-02T13:06:33.880Z,2026-07-02T13:06:33.880Z,"index, follow, max-snippet:-1, max-image-preview:large",,true,2,false,13,,0,text/html; charset=utf-8,256,140036,4d6b95b330bf
https://pulserevops.com/knowledge/dn0394,knowledge,200,Indexable,,1,Top 10 Places to Dine in the Florida Keys in 2027,"The Best Overall place to dine in the Florida Keys in 2027 is Lorelei Restaurant & Cabana Bar in Islamorada, a sun-bleached waterfront institution that…",Top 10 Places to Dine in the Florida Keys in 2027,1,15,2344,5484,12,2,0,39,5,0,https://pulserevops.com/knowledge/dn0394,0,Person|Organization|Service|ProfessionalService|QAPage|Question|Answer|TechArticle|ImageObject|WebPage|BreadcrumbList|ListItem,2026-07-02T13:06:32.509Z,2026-07-02T13:06:32.509Z,"index, follow, max-snippet:-1, max-image-preview:large",,true,2,false,13,,0,text/html; charset=utf-8,238,136519,fc2484d2fddf
https://pulserevops.com/knowledge/dn0393,knowledge,200,Indexable,,1,"Top 10 Places to Dine in Santa Fe, New Mexico in 2027","The Best Overall place to dine in Santa Fe in 2027 is Sazón, the intimate Southwestern bistro on West San Francisco Street where chef Fernando Olea’s mole…","Top 10 Places to Dine in Santa Fe, New Mexico in 2027",1,15,2395,5533,13,3,0,38,6,0,https://pulserevops.com/knowledge/dn0393,0,Person|Organization|Service|ProfessionalService|QAPage|Question|Answer|TechArticle|ImageObject|WebPage|BreadcrumbList|ListItem,2026-07-02T13:06:21.283Z,2026-07-02T13:06:21.283Z,"index, follow, max-snippet:-1, max-image-preview:large",,true,2,false,13,,0,text/html; charset=utf-8,255,138473,41a3cd6b1d9a
https://pulserevops.com/knowledge/dn0392,knowledge,200,Indexable,,1,"Top 10 Places to Dine in Napa Valley, California in 2027","The Best Overall place to dine in Napa Valley in 2027 is The French Laundry, Thomas Keller's legendary Yountville institution, where a nine-course tasting…","Top 10 Places to Dine in Napa Valley, California in 2027",1,15,2393,5533,12,2,0,39,5,0,https://pulserevops.com/knowledge/dn0392,0,Person|Organization|Service|ProfessionalService|QAPage|Question|Answer|TechArticle|ImageObject|WebPage|BreadcrumbList|ListItem,2026-07-02T13:06:17.364Z,2026-07-02T13:06:17.364Z,"index, follow, max-snippet:-1, max-image-preview:large",,true,2,false,13,,0,text/html; charset=utf-8,249,137951,7520fac6b5e6
https://pulserevops.com/knowledge/wl0111,knowledge,200,Indexable,,1,Top 10 Things for a 13-Year-Old Girl to Take When She Has a…,"@@PRODUCT name=""Saline Nasal Spray: The First-Line Defense"" img=""https://www.pearlchemistgroup.co.uk/media/catalog/product/cache/5b21629d495d96275bdda5e17dec4…",Top 10 Things for a 13-Year-Old Girl to Take When She Has a Stopped-Up Nose,1,17,2788,6041,20,12,0,40,15,0,https://pulserevops.com/knowledge/wl0111,0,Person|Organization|Service|ProfessionalService|QAPage|Question|Answer|TechArticle|ImageObject|WebPage|BreadcrumbList|ListItem,2026-07-02T12:52:53.765Z,2026-07-02T12:52:53.765Z,"index, follow, max-snippet:-1, max-image-preview:large",,true,2,false,13,,0,text/html; charset=utf-8,243,156674,2864ecec1a67
https://pulserevops.com/knowledge/dn0391,knowledge,200,Indexable,,1,"Top 10 Places to Dine in the Hudson Valley, New York in 2027","The Best Overall place to dine in the Hudson Valley in 2027 is The Roundhouse at Beacon Falls, a restored 19th-century mill on the Fishkill Creek where the…","Top 10 Places to Dine in the Hudson Valley, New York in 2027",1,15,2526,5839,12,2,0,39,5,0,https://pulserevops.com/knowledge/dn0391,0,Person|Organization|Service|ProfessionalService|QAPage|Question|Answer|TechArticle|ImageObject|WebPage|BreadcrumbList|ListItem,2026-07-02T13:05:28.412Z,2026-07-02T13:05:28.412Z,"index, follow, max-snippet:-1, max-image-preview:large",,true,2,false,13,,0,text/html; charset=utf-8,227,137836,f1986d77bce5
https://pulserevops.com/knowledge/dn0390,knowledge,200,Indexable,,1,"Top 10 Places to Dine in Washington, D.C. in 2027","The Best Overall place to dine in Washington, D.C. in 2027 is Jônt, the intimate, counter-only tasting-menu experience in the Shaw neighborhood where Chef…","Top 10 Places to Dine in Washington, D.C. in 2027",1,15,2163,5092,14,4,0,40,7,0,https://pulserevops.com/knowledge/dn0390,0,Person|Organization|Service|ProfessionalService|QAPage|Question|Answer|TechArticle|ImageObject|WebPage|BreadcrumbList|ListItem,2026-07-02T13:05:26.871Z,2026-07-02T13:05:26.871Z,"index, follow, max-snippet:-1, max-image-preview:large",,true,2,false,13,,0,text/html; charset=utf-8,248,141686,44da99c8a3b5
https://pulserevops.com/knowledge/dn0389,knowledge,200,Indexable,,1,"Top 10 Places to Dine in Los Angeles, California in 2027","The Best Overall place to dine in Los Angeles in 2027 is Providence, the two-Michelin-star seafood temple on Melrose Avenue where chef Michael Cimarusti…","Top 10 Places to Dine in Los Angeles, California in 2027",1,15,2362,5480,14,4,0,39,7,0,https://pulserevops.com/knowledge/dn0389,0,Person|Organization|Service|ProfessionalService|QAPage|Question|Answer|TechArticle|ImageObject|WebPage|BreadcrumbList|ListItem,2026-07-02T13:05:18.891Z,2026-07-02T13:05:18.891Z,"index, follow, max-snippet:-1, max-image-preview:large",,true,2,false,13,,0,text/html; charset=utf-8,240,141976,69e4a2724a64
https://pulserevops.com/knowledge/dn0388,knowledge,200,Indexable,,1,"Top 10 Places to Dine in Boston, Massachusetts in 2027","The Best Overall place to dine in Boston in 2027 is Oleana, the Cambridge-based Eastern Mediterranean restaurant in the Inman Square neighborhood that has…","Top 10 Places to Dine in Boston, Massachusetts in 2027",1,15,2124,5101,12,2,0,39,5,0,https://pulserevops.com/knowledge/dn0388,0,Person|Organization|Service|ProfessionalService|QAPage|Question|Answer|TechArticle|ImageObject|WebPage|BreadcrumbList|ListItem,2026-07-02T13:05:07.981Z,2026-07-02T13:05:07.981Z,"index, follow, max-snippet:-1, max-image-preview:large",,true,2,false,13,,0,text/html; charset=utf-8,224,134613,3d9c520a1e4d
https://pulserevops.com/knowledge/dn0385,knowledge,200,Indexable,,1,"Top 10 Places to Dine in Seattle, Washington in 2027","The Best Overall place to dine in Seattle in 2027 is Canlis, the iconic mid-century modern restaurant on Queen Anne Hill that has redefined Pacific Northwest…","Top 10 Places to Dine in Seattle, Washington in 2027",1,15,2625,5985,22,12,0,40,15,0,https://pulserevops.com/knowledge/dn0385,0,Person|Organization|Service|ProfessionalService|QAPage|Question|Answer|TechArticle|ImageObject|WebPage|BreadcrumbList|ListItem,2026-07-02T13:04:28.087Z,2026-07-02T13:04:28.087Z,"index, follow, max-snippet:-1, max-image-preview:large",,true,2,false,13,,0,text/html; charset=utf-8,278,153880,0ba78a638f72
https://pulserevops.com/knowledge/dn0384,knowledge,200,Indexable,,1,"Top 10 Places to Dine in Denver, Colorado in 2027","The Best Overall place to dine in Denver in 2027 is The Wolf's Tailor, a Michelin-starred contemporary restaurant in the Sunnyside neighborhood that…","Top 10 Places to Dine in Denver, Colorado in 2027",1,15,2474,5730,12,2,0,41,5,0,https://pulserevops.com/knowledge/dn0384,0,Person|Organization|Service|ProfessionalService|QAPage|Question|Answer|TechArticle|ImageObject|WebPage|BreadcrumbList|ListItem,2026-07-02T13:04:16.661Z,2026-07-02T13:04:16.661Z,"index, follow, max-snippet:-1, max-image-preview:large",,true,2,false,13,,0,text/html; charset=utf-8,224,141062,577232dc1610
https://pulserevops.com/knowledge/dn0387,knowledge,200,Indexable,,1,"Top 10 Places to Dine in Philadelphia, Pennsylvania in 2027","The Best Overall place to dine in Philadelphia in 2027 is Vetri Cucina, the intimate Center City tasting-menu temple where chef-owner Marc Vetri's…","Top 10 Places to Dine in Philadelphia, Pennsylvania in 2027",1,15,2310,5382,12,2,0,40,5,0,https://pulserevops.com/knowledge/dn0387,0,Person|Organization|Service|ProfessionalService|QAPage|Question|Answer|TechArticle|ImageObject|WebPage|BreadcrumbList|ListItem,2026-07-02T13:04:23.686Z,2026-07-02T13:04:23.686Z,"index, follow, max-snippet:-1, max-image-preview:large",,true,2,false,13,,0,text/html; charset=utf-8,222,140169,210a574a0f91
https://pulserevops.com/knowledge/dn0386,knowledge,200,Indexable,,1,"Top 10 Places to Dine in Miami, Florida in 2027","The Best Overall place to dine in Miami in 2027 is Ariete, the Coconut Grove flagship from chef Michael Beltran that has evolved into a tropical-leaning fine…","Top 10 Places to Dine in Miami, Florida in 2027",1,15,2160,5129,12,2,0,39,5,0,https://pulserevops.com/knowledge/dn0386,0,Person|Organization|Service|ProfessionalService|QAPage|Question|Answer|TechArticle|ImageObject|WebPage|BreadcrumbList|ListItem,2026-07-02T13:04:12.298Z,2026-07-02T13:04:12.298Z,"index, follow, max-snippet:-1, max-image-preview:large",,true,2,false,13,,0,text/html; charset=utf-8,272,134088,d53c0bf6f2bf
https://pulserevops.com/knowledge/dn0382,knowledge,200,Indexable,,1,"Top 10 Places to Dine in Charleston, South Carolina in 2027","The Best Overall place to dine in Charleston, South Carolina in 2027 is FIG, the beloved Broad Street institution where chef Mike Lata has refined Lowcountry…","Top 10 Places to Dine in Charleston, South Carolina in 2027",1,15,2819,6217,24,13,0,40,16,0,https://pulserevops.com/knowledge/dn0382,0,Person|Organization|Service|ProfessionalService|QAPage|Question|Answer|TechArticle|ImageObject|WebPage|BreadcrumbList|ListItem,2026-07-02T13:03:23.657Z,2026-07-02T13:03:23.657Z,"index, follow, max-snippet:-1, max-image-preview:large",,true,2,false,13,,0,text/html; charset=utf-8,278,158730,870f1b93817f
https://pulserevops.com/knowledge/dn0383,knowledge,200,Indexable,,1,"Top 10 Places to Dine in Nashville, Tennessee in 2027","The Best Overall place to dine in Nashville in 2027 is The Catbird Seat, the 20-seat chef's counter in the Wedgewood-Houston neighborhood where chefs Will…","Top 10 Places to Dine in Nashville, Tennessee in 2027",1,15,2680,5940,24,13,0,39,16,0,https://pulserevops.com/knowledge/dn0383,0,Person|Organization|Service|ProfessionalService|QAPage|Question|Answer|TechArticle|ImageObject|WebPage|BreadcrumbList|ListItem,2026-07-02T13:03:20.238Z,2026-07-02T13:03:20.238Z,"index, follow, max-snippet:-1, max-image-preview:large",,true,2,false,13,,0,text/html; charset=utf-8,232,157868,24895f6735bf
https://pulserevops.com/knowledge/dn0381,knowledge,200,Indexable,,1,"Top 10 Places to Dine in Portland, Maine in 2027","The Best Overall place to dine in Portland, Maine in 2027 is Eventide Oyster Co., the bustling Old Port raw bar that has redefined Maine seafood with its…","Top 10 Places to Dine in Portland, Maine in 2027",1,15,2382,5484,24,13,0,39,16,0,https://pulserevops.com/knowledge/dn0381,0,Person|Organization|Service|ProfessionalService|QAPage|Question|Answer|TechArticle|ImageObject|WebPage|BreadcrumbList|ListItem,2026-07-02T13:03:15.840Z,2026-07-02T13:03:15.840Z,"index, follow, max-snippet:-1, max-image-preview:large",,true,2,false,13,,0,text/html; charset=utf-8,234,152825,462dcff6c0aa
https://pulserevops.com/knowledge/dn0379,knowledge,200,Indexable,,1,"Top 10 Places to Dine in San Francisco, California in 2027","The Best Overall place to dine in San Francisco in 2027 is State Bird Provisions, the Fillmore District restaurant that pioneered the dim-sum-style cart…","Top 10 Places to Dine in San Francisco, California in 2027",1,15,2759,6135,24,13,0,39,16,0,https://pulserevops.com/knowledge/dn0379,0,Person|Organization|Service|ProfessionalService|QAPage|Question|Answer|TechArticle|ImageObject|WebPage|BreadcrumbList|ListItem,2026-07-02T13:02:22.741Z,2026-07-02T13:02:22.741Z,"index, follow, max-snippet:-1, max-image-preview:large",,true,2,false,13,,0,text/html; charset=utf-8,243,158635,d49f9e717ab3
https://pulserevops.com/knowledge/dn0380,knowledge,200,Indexable,,1,"Top 10 Places to Dine in Austin, Texas in 2027","The Best Overall place to dine in Austin, Texas in 2027 is Franklin Barbecue, the East Austin brisket shrine that continues to set the global standard for…","Top 10 Places to Dine in Austin, Texas in 2027",1,15,2071,4904,23,12,0,39,15,0,https://pulserevops.com/knowledge/dn0380,0,Person|Organization|Service|ProfessionalService|QAPage|Question|Answer|TechArticle|ImageObject|WebPage|BreadcrumbList|ListItem,2026-07-02T13:03:18.746Z,2026-07-02T13:03:18.746Z,"index, follow, max-snippet:-1, max-image-preview:large",,true,2,false,13,,0,text/html; charset=utf-8,301,149501,9c981c9e934e
https://pulserevops.com/knowledge/cl0153,knowledge,200,Indexable,,1,The 10 Best Colognes That Smell Like a Wet Garden in Spring in…,"The best cologne that smells like a wet garden in spring in 2027 is Diptyque Philosykos Eau de Parfum, a photorealistic fig tree scent that captures the…",The 10 Best Colognes That Smell Like a Wet Garden in Spring in 2027,1,14,2428,5375,21,12,0,39,15,0,https://pulserevops.com/knowledge/cl0153,0,Person|Organization|Service|ProfessionalService|QAPage|Question|Answer|TechArticle|ImageObject|WebPage|BreadcrumbList|ListItem,2026-07-02T12:41:33.144Z,2026-07-02T12:41:33.144Z,"index, follow, max-snippet:-1, max-image-preview:large",,true,2,false,13,,0,text/html; charset=utf-8,244,151925,0ae5c6bebcf2
https://pulserevops.com/knowledge/cl0152,knowledge,200,Indexable,,1,The 10 Best Colognes for a Cross-Country Flight in 2027,"The best colognes for a cross-country flight in 2027 are fresh, skin-safe scents that won't overwhelm fellow passengers in tight cabin quarters, with Citrus…",The 10 Best Colognes for a Cross-Country Flight in 2027,1,17,2286,5369,12,3,0,40,6,0,https://pulserevops.com/knowledge/cl0152,0,Person|Organization|Service|ProfessionalService|QAPage|Question|Answer|TechArticle|ImageObject|WebPage|BreadcrumbList|ListItem,2026-07-02T12:41:15.654Z,2026-07-02T12:41:15.654Z,"index, follow, max-snippet:-1, max-image-preview:large",,true,2,false,13,,0,text/html; charset=utf-8,282,136441,ffcd7b38e9ac
https://pulserevops.com/knowledge/cl0151,knowledge,200,Indexable,,1,The 10 Best Colognes for a Job Promotion Celebration in 2027,"The best cologne for a job promotion celebration in 2027 is Creed Aventus, a legendary fruity-woody powerhouse that commands respect and projects success…",The 10 Best Colognes for a Job Promotion Celebration in 2027,1,17,2406,5621,13,4,0,40,7,0,https://pulserevops.com/knowledge/cl0151,0,Person|Organization|Service|ProfessionalService|QAPage|Question|Answer|TechArticle|ImageObject|WebPage|BreadcrumbList|ListItem,2026-07-02T12:41:09.910Z,2026-07-02T12:41:09.910Z,"index, follow, max-snippet:-1, max-image-preview:large",,true,2,false,13,,0,text/html; charset=utf-8,238,140001,a64ba3e815b9
https://pulserevops.com/fish-and-crabs,fish-and-crabs,301,Non-Indexable,Redirect 301,1,,,,,,,,,,,,,,,,,,,,,,,,,https://pulserevops.com/fish-and-crabs,1,,158,0,
https://pulserevops.com/calculators,calculators,200,Indexable,,1,Free RevOps Calculators · PULSE,"Free interactive RevOps calculators from PULSE — House Goals & Pulse Check, Gross Profit, Service Fees, and the Rep Scheduling Matrix. No login, runs in your browser.",Free RevOps Calculators,1,6,,401,,0,0,4,0,0,https://pulserevops.com/calculators,0,,,,,,,,,,,0,text/html; charset=utf-8,301,270018,1a4906357e72
https://pulserevops.com/fish-and-crabs/crab,fish-and-crabs,200,Indexable,,1,Crabbing Hot Spots — 🦀 Best Blue Crabbing Maps in 2027 · PULSE,"119 crabbing hot-spot density maps across the Chesapeake Bay & surrounding waters — where to crab by time of day, with public access and the rules.",Crabbing Hot Spots,1,14,,3634,,0,0,123,0,0,https://pulserevops.com/fish-and-crabs/crab,0,,,,,,,,,,,0,text/html; charset=utf-8,221,48037,a00a010540bb
https://pulserevops.com/fish-and-crabs/fish,fish-and-crabs,200,Indexable,,1,Fishing Hot Spots — 🎣 Best Fishing Maps in 2027 · PULSE,"2 fishing hot-spot density maps across the Chesapeake Bay & surrounding waters — where to fish by time of day, with public access and the rules.",Fishing Hot Spots,1,2,,155,,0,0,6,0,0,https://pulserevops.com/fish-and-crabs/fish,0,,,,,,,,,,,0,text/html; charset=utf-8,157,11733,56c719b529d6
https://pulserevops.com/knowledge/cl0150,knowledge,200,Indexable,,1,The 10 Best Colognes for a Summer Wedding in 2027,"The best cologne for a summer wedding in 2027 is Creed Aventus Cologne, a lighter, brighter flanker of the iconic Aventus that delivers pineapple, bergamot…",The 10 Best Colognes for a Summer Wedding in 2027,1,14,2145,5032,21,12,0,39,15,0,https://pulserevops.com/knowledge/cl0150,0,Person|Organization|Service|ProfessionalService|QAPage|Question|Answer|TechArticle|ImageObject|WebPage|BreadcrumbList|ListItem,2026-07-02T12:40:53.188Z,2026-07-02T12:40:53.188Z,"index, follow, max-snippet:-1, max-image-preview:large",,true,2,false,13,,0,text/html; charset=utf-8,283,142774,3c0bb5992ecf
https://pulserevops.com/fish-and-crabs/bay-bridge,fish-and-crabs,200,Indexable,,1,Best Fishing Spots at the Bay Bridge in 2027 · PULSE,"Where to fish the Chesapeake Bay Bridge for rockfish and striped bass — a density map that changes by time of day, plus public access, gear, and the rules.",Best Fishing Spots at the Bay Bridge in 2027,1,4,,661,,1,0,5,0,0,https://pulserevops.com/fish-and-crabs/bay-bridge,0,,,,,,,,,,,0,text/html; charset=utf-8,159,25113,48d114b23773
https://pulserevops.com/fish-and-crabs/tangier-sound,fish-and-crabs,200,Indexable,,1,Best Blue Crabbing Spots in Tangier Sound in 2027 · PULSE,"Where to crab Tangier Sound in the lower Chesapeake — a density map of the grass flats and channel edges, plus public ramps, gear, and the rules.",Best Blue Crabbing Spots in Tangier Sound in 2027,1,4,,667,,1,0,10,0,0,https://pulserevops.com/fish-and-crabs/tangier-sound,0,,,,,,,,,,,0,text/html; charset=utf-8,177,25900,39e2970f96c2
https://pulserevops.com/fish-and-crabs/magothy-river,fish-and-crabs,200,Indexable,,1,Best Blue Crabbing Spots in the Magothy River in 2027 · PULSE,"Where to crab the Magothy River in the Chesapeake Bay — a density map of the creeks and channel edges scoped to this area, plus public access, gear, and the rules.",Best Blue Crabbing Spots in the Magothy River in 2027,1,4,,606,,1,0,10,0,0,https://pulserevops.com/fish-and-crabs/magothy-river,0,,,,,,,,,,,0,text/html; charset=utf-8,147,25446,526353bbb342
https://pulserevops.com/fish-and-crabs/patuxent-river-solomons,fish-and-crabs,200,Indexable,,1,Best Blue Crabbing Spots in the Patuxent River in 2027 · PULSE,"Where to crab the Patuxent River in the Chesapeake Bay — a density map of the creeks and channel edges scoped to this area, plus public access, gear, and the rules.",Best Blue Crabbing Spots in the Patuxent River in 2027,1,4,,602,,1,0,10,0,0,https://pulserevops.com/fish-and-crabs/patuxent-river-solomons,0,,,,,,,,,,,0,text/html; charset=utf-8,151,25545,dff3b9cd458a
https://pulserevops.com/fish-and-crabs/severn-river,fish-and-crabs,200,Indexable,,1,Best Blue Crabbing Spots in the Severn River in 2027 · PULSE,"Where to crab the Severn River in the Chesapeake Bay — a density map of the creeks and channel edges scoped to this area, plus public access, gear, and the rules.",Best Blue Crabbing Spots in the Severn River in 2027,1,4,,610,,1,0,10,0,0,https://pulserevops.com/fish-and-crabs/severn-river,0,,,,,,,,,,,0,text/html; charset=utf-8,218,25325,7a7fb24f9002
https://pulserevops.com/fish-and-crabs/south-river,fish-and-crabs,200,Indexable,,1,Best Blue Crabbing Spots in the South River in 2027 · PULSE,"Where to crab the South River in the Chesapeake Bay — a density map of the creeks and channel edges scoped to this area, plus public access, gear, and the rules.",Best Blue Crabbing Spots in the South River in 2027,1,4,,604,,1,0,10,0,0,https://pulserevops.com/fish-and-crabs/south-river,0,,,,,,,,,,,0,text/html; charset=utf-8,196,25284,9ffaa24e6b20
https://pulserevops.com/fish-and-crabs/eastern-bay,fish-and-crabs,200,Indexable,,1,Best Blue Crabbing Spots in Eastern Bay in 2027 · PULSE,"Where to crab the Eastern Bay in the Chesapeake Bay — a density map of the creeks and channel edges scoped to this area, plus public access, gear, and the rules.",Best Blue Crabbing Spots in Eastern Bay in 2027,1,4,,605,,1,0,10,0,0,https://pulserevops.com/fish-and-crabs/eastern-bay,0,,,,,,,,,,,0,text/html; charset=utf-8,163,25374,7753a58e2045
https://pulserevops.com/fish-and-crabs/chester-river,fish-and-crabs,200,Indexable,,1,Best Blue Crabbing Spots in the Chester River in 2027 · PULSE,"Where to crab the Chester River in the Chesapeake Bay — a density map of the creeks and channel edges scoped to this area, plus public access, gear, and the rules.",Best Blue Crabbing Spots in the Chester River in 2027,1,4,,603,,1,0,10,0,0,https://pulserevops.com/fish-and-crabs/chester-river,0,,,,,,,,,,,0,text/html; charset=utf-8,159,25291,6085acdabdef
https://pulserevops.com/fish-and-crabs/miles-river,fish-and-crabs,200,Indexable,,1,Best Blue Crabbing Spots in the Miles River in 2027 · PULSE,"Where to crab the Miles River in the Chesapeake Bay — a density map of the creeks and channel edges scoped to this area, plus public access, gear, and the rules.",Best Blue Crabbing Spots in the Miles River in 2027,1,4,,606,,1,0,10,0,0,https://pulserevops.com/fish-and-crabs/miles-river,0,,,,,,,,,,,0,text/html; charset=utf-8,156,25275,af85f110838a
https://pulserevops.com/fish-and-crabs/honga-river,fish-and-crabs,200,Indexable,,1,Best Blue Crabbing Spots in the Honga River in 2027 · PULSE,"Where to crab the Honga River in the Chesapeake Bay — a density map of the creeks and channel edges scoped to this area, plus public access, gear, and the rules.",Best Blue Crabbing Spots in the Honga River in 2027,1,4,,609,,1,0,10,0,0,https://pulserevops.com/fish-and-crabs/honga-river,0,,,,,,,,,,,0,text/html; charset=utf-8,179,25413,88fd2e8b77b2
https://pulserevops.com/fish-and-crabs/nanticoke-river,fish-and-crabs,200,Indexable,,1,Best Blue Crabbing Spots in the Nanticoke River in 2027 · PULSE,"Where to crab the Nanticoke River in the Chesapeake Bay — a density map of the creeks and channel edges scoped to this area, plus public access, gear, and the rules.",Best Blue Crabbing Spots in the Nanticoke River in 2027,1,4,,601,,1,0,10,0,0,https://pulserevops.com/fish-and-crabs/nanticoke-river,0,,,,,,,,,,,0,text/html; charset=utf-8,168,25361,dda48f2376d9
https://pulserevops.com/fish-and-crabs/sassafras-river,fish-and-crabs,200,Indexable,,1,Best Blue Crabbing Spots in the Sassafras River in 2027 · PULSE,"Where to crab the Sassafras River in the Chesapeake Bay — a density map of the creeks and channel edges scoped to this area, plus public access, gear, and the rules.",Best Blue Crabbing Spots in the Sassafras River in 2027,1,4,,616,,1,0,10,0,0,https://pulserevops.com/fish-and-crabs/sassafras-river,0,,,,,,,,,,,0,text/html; charset=utf-8,185,25518,03e74be079cc
https://pulserevops.com/fish-and-crabs/choptank-river,fish-and-crabs,200,Indexable,,1,Best Blue Crabbing Spots in the Choptank River in 2027 · PULSE,"Where to crab the Choptank River around Cambridge — a density map plus the public pier, ramps, gear, and the rules for blue crab, white perch, and rockfish.",Best Blue Crabbing Spots in the Choptank River in 2027,1,4,,694,,1,0,10,0,0,https://pulserevops.com/fish-and-crabs/choptank-river,0,,,,,,,,,,,0,text/html; charset=utf-8,179,25947,6f5a26c4eadb
https://pulserevops.com/fish-and-crabs/susquehanna-flats,fish-and-crabs,200,Indexable,,1,Best Fishing Spots on the Susquehanna Flats in 2027 · PULSE,"Where to fish the Susquehanna Flats for spring trophy rockfish — a time-of-day density map plus public ramps, topwater tactics, and the catch-and-release rules.",Best Fishing Spots on the Susquehanna Flats in 2027,1,4,,632,,1,0,5,0,0,https://pulserevops.com/fish-and-crabs/susquehanna-flats,0,,,,,,,,,,,0,text/html; charset=utf-8,209,24909,1db79831dbb0
https://pulserevops.com/sales-trainings,sales-trainings,200,Indexable,,1,Sales Trainings — Pulse RevOps,"430+ ready-to-run 60-minute sales meeting templates: verbatim scripts, role-plays, FAQs, and the exact agenda — built for sales managers to run as-is.",Run a great sales meeting.,1,0,,98,,2,1,6,1,0,https://pulserevops.com/sales-trainings,0,,,,"index, follow, max-snippet:-1, max-image-preview:large",,,,,,,0,text/html; charset=utf-8,13,3390,86c0f8a3ed68
https://pulserevops.com/derby,derby,200,Non-Indexable,noindex,1,Pulse Derby — retro horse racing,,,0,0,,23,,0,0,0,0,0,,0,,,,noindex,,,,,,,0,text/html; charset=utf-8,197,12146,9ed691f81104
https://pulserevops.com/knowledge.html,knowledge.html,200,Indexable,,1,Pulse Knowledge Library — sales / GTM / leadership answers,"The Machine's growing library of researched sales-leadership answers. Updated continuously by an autonomous AI research agent. Comp benchmarks, hiring rubrics, pipeline reviews, vendor comparisons — sourced and cited.",The Machine's Library,1,0,,398,,11,1,18,10,0,https://pulserevops.com/knowledge.html,0,CollectionPage|WebSite|Thing,,,"index, follow, max-snippet:-1, max-image-preview:large, max-video-preview:-1",,,,,,,0,text/html; charset=utf-8,72,127398,c271bafe835f
https://pulserevops.com/themachine,themachine,200,Indexable,,1,Pulse — The Machine · Fact Checker for RevOps Leaders,"The Pulse Machine is the fact checker for RevOps leaders. Drop your problem, theory, or half-formed plan in the box — the Machine pressure-tests it against public data and operator-grade benchmarks, ships back its opinion with sources.",Drop your problem or idea in the box · the Machine pressure-tests it.,1,0,,486,,3,3,6,0,0,,0,,,,,,,,,,,0,text/html; charset=utf-8,187,124716,b8a4879fd37c
https://pulserevops.com/my-content,my-content,200,Indexable,,1,My Content · Save Anything with a 4-Digit Passcode — Pulse RevOps,"Save any RevOps answer, KPI guide, tech stack, or playbook to your own list with your initials + 4-digit code (e.g. KJW0514). No login, no email, works on any device. Free.",Your saved content.,1,0,,84,,0,0,8,1,0,https://pulserevops.com/my-content,0,WebApplication|Offer|Organization,,,"index, follow, max-snippet:-1, max-image-preview:large",,,,,,,0,text/html; charset=utf-8,162,17085,a071a3dba90f
https://pulserevops.com/industry-kpis,industry-kpis,200,Indexable,,1,Industry KPIs — Pulse RevOps,"400+ industry-specific RevOps KPI deep dives: the 9 KPIs that matter, real operator benchmarks, failure modes, reporting cadence, and a 30/60/90 ramp.",Track the right 9 KPIs.,1,0,,97,,2,1,6,1,0,https://pulserevops.com/industry-kpis,0,,,,"index, follow, max-snippet:-1, max-image-preview:large",,,,,,,0,text/html; charset=utf-8,14,3425,6d9d5c5ac1c3
https://pulserevops.com/answers.html,answers.html,200,Indexable,,1,0 Sales Answers — Rapid-Fire Operator Library,"0 researched answers on sales comp, hiring, pipeline, discovery, objection handling, pricing, segmentation, and SaaS metrics. Each answer ships with a Mermaid diagram, named vendors, and operator-grade benchmarks. Generated in under an hour.",The Queue — 0 Answers Waiting To Post,1,1,,180,,0,0,6,0,0,https://pulserevops.com/answers.html,0,FAQPage,,,"index, follow, max-snippet:-1, max-image-preview:large, max-video-preview:-1",,,,,,,0,text/html; charset=utf-8,173,12683,b8279d9b5f13
https://pulserevops.com/matrix.html,matrix.html,200,Indexable,,1,Sales Performance Matrix · Free Rep KPI Grader | PULSE RevOps,"Free Sales Performance Matrix — grade every rep against the same KPI grid (close-rate, ARR per rep, deal velocity, pipeline coverage). Built by Kory White, CRO. No login.",Free Sales Performance Matrix — Grade Every Rep on the Same KPI Grid,1,1,,165,,0,0,1,0,0,https://pulserevops.com/matrix.html,0,SoftwareApplication|Offer|Organization,,,"index, follow, max-snippet:-1, max-image-preview:large",,,,,,,0,text/html; charset=utf-8,157,25574,a18b1b3649bd
https://pulserevops.com/schedule.html,schedule.html,200,Indexable,,1,Sales Rep Schedule Calculator · Free Coverage Planner | PULSE RevOps,"Free Sales Rep Schedule Calculator — plan rep coverage, shift mix, days-off rotation, and weekly hours target. Built by Kory White, CRO. No login required.","Free Sales Rep Schedule Calculator — Plan Coverage, Shifts & Rotations",1,0,,71,,0,0,0,0,0,https://pulserevops.com/schedule.html,0,SoftwareApplication|Offer|Organization,,,"index, follow, max-snippet:-1, max-image-preview:large",,,,,,,0,text/html; charset=utf-8,162,33904,18451baca857
https://pulserevops.com/privacy.html,privacy.html,200,Indexable,,1,Privacy Policy | PULSE RevOps,"Privacy Policy for PULSE RevOps and pulserevops.com — how we handle visitor data, traffic analytics, and B2B account identification.",Privacy Policy,1,11,,920,,0,0,8,4,0,https://pulserevops.com/privacy.html,0,,,,"index, follow",,,,,,,0,text/html; charset=utf-8,153,13871,1b7f729dad21
https://pulserevops.com/bins.html,bins.html,200,Indexable,,1,The Evidence Room — Sales Answers Filed by Topic | Pulse RevOps,"Thousands of operator-grade sales answers, organized into topic bins. Browse by category — comp, hiring, pipeline, pricing, discovery, demos, objections, churn, scaling, and more.","Sales Answers, Filed by Topic",1,440,,11257,,0,0,608,0,0,https://pulserevops.com/bins.html,0,CollectionPage|WebSite,,,"index, follow, max-snippet:-1, max-image-preview:large",,,,,,,0,text/html; charset=utf-8,264,249316,2a9fbf8c5c44
https://pulserevops.com/plan-90.html,plan-90.html,200,Indexable,,1,90-Day Revenue Plan Template — Free CRO Onboarding Roadmap | PULSE,"Free 90-day revenue plan template for new CROs, VPs of Sales, and sales managers. The 30/60/90 framework Kory White uses to onboard into a $20M–$200M ARR org. Download, copy, ship.",Free 90-Day Revenue Plan — The 30/60/90 CRO Onboarding Template,1,7,,1724,,2,0,3,7,0,https://pulserevops.com/plan-90.html,0,Person|PostalAddress|Organization|WebSite,,,"index, follow, max-snippet:-1, max-image-preview:large, max-video-preview:-1",,,,,,,0,text/html; charset=utf-8,316,474080,c788400be6aa